Province,province,province_code,scenario,statistic,future_reference_n,future_tas_sum,hist_reference_n,hist_tas_sum,reference_n,tas_ref_1991_2020,reference_period,reference_method,reference_hist_years,reference_future_years
上海,Shanghai Shi,CHN.147295922,ssp119,median,6,103.99000000000001,24,403.77,30,16.925333333333334,1991-2020,cmip6_same_stat_same_scenario_mean_1991_2020,1991-2014,2015-2020
上海,Shanghai Shi,CHN.147295922,ssp119,p10,6,99.36,24,388.31,30,16.255666666666666,1991-2020,cmip6_same_stat_same_scenario_mean_1991_2020,1991-2014,2015-2020
上海,Shanghai Shi,CHN.147295922,ssp119,p90,6,108.52,24,417.81,30,17.544333333333334,1991-2020,cmip6_same_stat_same_scenario_mean_1991_2020,1991-2014,2015-2020
上海,Shanghai Shi,CHN.147295922,ssp126,median,6,104.28999999999999,24,403.77,30,16.935333333333332,1991-2020,cmip6_same_stat_same_scenario_mean_1991_2020,1991-2014,2015-2020
上海,Shanghai Shi,CHN.147295922,ssp126,p10,6,99.65,24,388.31,30,16.265333333333334,1991-2020,cmip6_same_stat_same_scenario_mean_1991_2020,1991-2014,2015-2020
上海,Shanghai Shi,CHN.147295922,ssp126,p90,6,109.52,24,417.81,30,17.57766666666667,1991-2020,cmip6_same_stat_same_scenario_mean_1991_2020,1991-2014,2015-2020
上海,Shanghai Shi,CHN.147295922,ssp245,median,6,104.38,24,403.77,30,16.938333333333333,1991-2020,cmip6_same_stat_same_scenario_mean_1991_2020,1991-2014,2015-2020
上海,Shanghai Shi,CHN.147295922,ssp245,p10,6,99.92,24,388.31,30,16.274333333333335,1991-2020,cmip6_same_stat_same_scenario_mean_1991_2020,1991-2014,2015-2020
上海,Shanghai Shi,CHN.147295922,ssp245,p90,6,108.68,24,417.81,30,17.549666666666667,1991-2020,cmip6_same_stat_same_scenario_mean_1991_2020,1991-2014,2015-2020
上海,Shanghai Shi,CHN.147295922,ssp370,median,6,103.45,24,403.77,30,16.907333333333334,1991-2020,cmip6_same_stat_same_scenario_mean_1991_2020,1991-2014,2015-2020
上海,Shanghai Shi,CHN.147295922,ssp370,p10,6,98.34,24,388.31,30,16.221666666666668,1991-2020,cmip6_same_stat_same_scenario_mean_1991_2020,1991-2014,2015-2020
上海,Shanghai Shi,CHN.147295922,ssp370,p90,6,108.0,24,417.81,30,17.526999999999997,1991-2020,cmip6_same_stat_same_scenario_mean_1991_2020,1991-2014,2015-2020
上海,Shanghai Shi,CHN.147295922,ssp585,median,6,104.38,24,403.77,30,16.938333333333333,1991-2020,cmip6_same_stat_same_scenario_mean_1991_2020,1991-2014,2015-2020
上海,Shanghai Shi,CHN.147295922,ssp585,p10,6,99.61,24,388.31,30,16.264,1991-2020,cmip6_same_stat_same_scenario_mean_1991_2020,1991-2014,2015-2020
上海,Shanghai Shi,CHN.147295922,ssp585,p90,6,108.99,24,417.81,30,17.56,1991-2020,cmip6_same_stat_same_scenario_mean_1991_2020,1991-2014,2015-2020
云南,Yunnan Sheng,CHN.147295929,ssp119,median,6,98.8,24,385.38,30,16.139333333333333,1991-2020,cmip6_same_stat_same_scenario_mean_1991_2020,1991-2014,2015-2020
云南,Yunnan Sheng,CHN.147295929,ssp119,p10,6,95.03999999999999,24,372.99,30,15.600999999999999,1991-2020,cmip6_same_stat_same_scenario_mean_1991_2020,1991-2014,2015-2020
云南,Yunnan Sheng,CHN.147295929,ssp119,p90,6,102.27000000000001,24,397.26,30,16.651,1991-2020,cmip6_same_stat_same_scenario_mean_1991_2020,1991-2014,2015-2020
云南,Yunnan Sheng,CHN.147295929,ssp126,median,6,99.05,24,385.38,30,16.147666666666666,1991-2020,cmip6_same_stat_same_scenario_mean_1991_2020,1991-2014,2015-2020
云南,Yunnan Sheng,CHN.147295929,ssp126,p10,6,95.35,24,372.99,30,15.611333333333334,1991-2020,cmip6_same_stat_same_scenario_mean_1991_2020,1991-2014,2015-2020
云南,Yunnan Sheng,CHN.147295929,ssp126,p90,6,102.7,24,397.26,30,16.665333333333333,1991-2020,cmip6_same_stat_same_scenario_mean_1991_2020,1991-2014,2015-2020
云南,Yunnan Sheng,CHN.147295929,ssp245,median,6,98.68,24,385.38,30,16.13533333333333,1991-2020,cmip6_same_stat_same_scenario_mean_1991_2020,1991-2014,2015-2020
云南,Yunnan Sheng,CHN.147295929,ssp245,p10,6,94.96000000000001,24,372.99,30,15.598333333333334,1991-2020,cmip6_same_stat_same_scenario_mean_1991_2020,1991-2014,2015-2020
云南,Yunnan Sheng,CHN.147295929,ssp245,p90,6,102.25,24,397.26,30,16.650333333333332,1991-2020,cmip6_same_stat_same_scenario_mean_1991_2020,1991-2014,2015-2020
云南,Yunnan Sheng,CHN.147295929,ssp370,median,6,98.62,24,385.38,30,16.133333333333333,1991-2020,cmip6_same_stat_same_scenario_mean_1991_2020,1991-2014,2015-2020
云南,Yunnan Sheng,CHN.147295929,ssp370,p10,6,94.34,24,372.99,30,15.577666666666667,1991-2020,cmip6_same_stat_same_scenario_mean_1991_2020,1991-2014,2015-2020
云南,Yunnan Sheng,CHN.147295929,ssp370,p90,6,102.34,24,397.26,30,16.653333333333332,1991-2020,cmip6_same_stat_same_scenario_mean_1991_2020,1991-2014,2015-2020
云南,Yunnan Sheng,CHN.147295929,ssp585,median,6,99.27,24,385.38,30,16.154999999999998,1991-2020,cmip6_same_stat_same_scenario_mean_1991_2020,1991-2014,2015-2020
云南,Yunnan Sheng,CHN.147295929,ssp585,p10,6,95.59,24,372.99,30,15.619333333333335,1991-2020,cmip6_same_stat_same_scenario_mean_1991_2020,1991-2014,2015-2020
云南,Yunnan Sheng,CHN.147295929,ssp585,p90,6,102.49,24,397.26,30,16.658333333333335,1991-2020,cmip6_same_stat_same_scenario_mean_1991_2020,1991-2014,2015-2020
内蒙古,Nei Mongol Zizhiqu,CHN.147295917,ssp119,median,6,32.22,24,112.76,30,4.832666666666667,1991-2020,cmip6_same_stat_same_scenario_mean_1991_2020,1991-2014,2015-2020
内蒙古,Nei Mongol Zizhiqu,CHN.147295917,ssp119,p10,6,25.599999999999998,24,89.71000000000001,30,3.8436666666666666,1991-2020,cmip6_same_stat_same_scenario_mean_1991_2020,1991-2014,2015-2020
内蒙古,Nei Mongol Zizhiqu,CHN.147295917,ssp119,p90,6,37.68,24,132.48,30,5.672,1991-2020,cmip6_same_stat_same_scenario_mean_1991_2020,1991-2014,2015-2020
内蒙古,Nei Mongol Zizhiqu,CHN.147295917,ssp126,median,6,32.24,24,112.76,30,4.833333333333333,1991-2020,cmip6_same_stat_same_scenario_mean_1991_2020,1991-2014,2015-2020
内蒙古,Nei Mongol Zizhiqu,CHN.147295917,ssp126,p10,6,25.87,24,89.71000000000001,30,3.852666666666667,1991-2020,cmip6_same_stat_same_scenario_mean_1991_2020,1991-2014,2015-2020
内蒙古,Nei Mongol Zizhiqu,CHN.147295917,ssp126,p90,6,37.95,24,132.48,30,5.681,1991-2020,cmip6_same_stat_same_scenario_mean_1991_2020,1991-2014,2015-2020
内蒙古,Nei Mongol Zizhiqu,CHN.147295917,ssp245,median,6,32.27,24,112.76,30,4.834333333333333,1991-2020,cmip6_same_stat_same_scenario_mean_1991_2020,1991-2014,2015-2020
内蒙古,Nei Mongol Zizhiqu,CHN.147295917,ssp245,p10,6,26.52,24,89.71000000000001,30,3.8743333333333334,1991-2020,cmip6_same_stat_same_scenario_mean_1991_2020,1991-2014,2015-2020
内蒙古,Nei Mongol Zizhiqu,CHN.147295917,ssp245,p90,6,37.56,24,132.48,30,5.668,1991-2020,cmip6_same_stat_same_scenario_mean_1991_2020,1991-2014,2015-2020
内蒙古,Nei Mongol Zizhiqu,CHN.147295917,ssp370,median,6,31.82,24,112.76,30,4.819333333333334,1991-2020,cmip6_same_stat_same_scenario_mean_1991_2020,1991-2014,2015-2020
内蒙古,Nei Mongol Zizhiqu,CHN.147295917,ssp370,p10,6,24.58,24,89.71000000000001,30,3.8096666666666668,1991-2020,cmip6_same_stat_same_scenario_mean_1991_2020,1991-2014,2015-2020
内蒙古,Nei Mongol Zizhiqu,CHN.147295917,ssp370,p90,6,37.730000000000004,24,132.48,30,5.673666666666666,1991-2020,cmip6_same_stat_same_scenario_mean_1991_2020,1991-2014,2015-2020
内蒙古,Nei Mongol Zizhiqu,CHN.147295917,ssp585,median,6,33.24,24,112.76,30,4.866666666666666,1991-2020,cmip6_same_stat_same_scenario_mean_1991_2020,1991-2014,2015-2020
内蒙古,Nei Mongol Zizhiqu,CHN.147295917,ssp585,p10,6,25.48,24,89.71000000000001,30,3.839666666666667,1991-2020,cmip6_same_stat_same_scenario_mean_1991_2020,1991-2014,2015-2020
内蒙古,Nei Mongol Zizhiqu,CHN.147295917,ssp585,p90,6,38.57,24,132.48,30,5.701666666666666,1991-2020,cmip6_same_stat_same_scenario_mean_1991_2020,1991-2014,2015-2020
北京,Beijing Shi,CHN.147295899,ssp119,median,6,68.34,24,258.53,30,10.895666666666667,1991-2020,cmip6_same_stat_same_scenario_mean_1991_2020,1991-2014,2015-2020
北京,Beijing Shi,CHN.147295899,ssp119,p10,6,62.66,24,240.22,30,10.096,1991-2020,cmip6_same_stat_same_scenario_mean_1991_2020,1991-2014,2015-2020
北京,Beijing Shi,CHN.147295899,ssp119,p90,6,73.32,24,275.04,30,11.612,1991-2020,cmip6_same_stat_same_scenario_mean_1991_2020,1991-2014,2015-2020
北京,Beijing Shi,CHN.147295899,ssp126,median,6,68.69,24,258.53,30,10.907333333333332,1991-2020,cmip6_same_stat_same_scenario_mean_1991_2020,1991-2014,2015-2020
北京,Beijing Shi,CHN.147295899,ssp126,p10,6,62.980000000000004,24,240.22,30,10.106666666666666,1991-2020,cmip6_same_stat_same_scenario_mean_1991_2020,1991-2014,2015-2020
北京,Beijing Shi,CHN.147295899,ssp126,p90,6,73.46,24,275.04,30,11.616666666666667,1991-2020,cmip6_same_stat_same_scenario_mean_1991_2020,1991-2014,2015-2020
北京,Beijing Shi,CHN.147295899,ssp245,median,6,68.46000000000001,24,258.53,30,10.899666666666667,1991-2020,cmip6_same_stat_same_scenario_mean_1991_2020,1991-2014,2015-2020
北京,Beijing Shi,CHN.147295899,ssp245,p10,6,63.45,24,240.22,30,10.122333333333334,1991-2020,cmip6_same_stat_same_scenario_mean_1991_2020,1991-2014,2015-2020
北京,Beijing Shi,CHN.147295899,ssp245,p90,6,73.56,24,275.04,30,11.620000000000001,1991-2020,cmip6_same_stat_same_scenario_mean_1991_2020,1991-2014,2015-2020
北京,Beijing Shi,CHN.147295899,ssp370,median,6,67.71000000000001,24,258.53,30,10.874666666666666,1991-2020,cmip6_same_stat_same_scenario_mean_1991_2020,1991-2014,2015-2020
北京,Beijing Shi,CHN.147295899,ssp370,p10,6,61.48,24,240.22,30,10.056666666666667,1991-2020,cmip6_same_stat_same_scenario_mean_1991_2020,1991-2014,2015-2020
北京,Beijing Shi,CHN.147295899,ssp370,p90,6,73.05,24,275.04,30,11.603000000000002,1991-2020,cmip6_same_stat_same_scenario_mean_1991_2020,1991-2014,2015-2020
北京,Beijing Shi,CHN.147295899,ssp585,median,6,69.21,24,258.53,30,10.924666666666665,1991-2020,cmip6_same_stat_same_scenario_mean_1991_2020,1991-2014,2015-2020
北京,Beijing Shi,CHN.147295899,ssp585,p10,6,62.96,24,240.22,30,10.106,1991-2020,cmip6_same_stat_same_scenario_mean_1991_2020,1991-2014,2015-2020
北京,Beijing Shi,CHN.147295899,ssp585,p90,6,74.26,24,275.04,30,11.643333333333334,1991-2020,cmip6_same_stat_same_scenario_mean_1991_2020,1991-2014,2015-2020
吉林,Jilin Sheng,CHN.147295915,ssp119,median,6,35.86,24,128.0,30,5.462000000000001,1991-2020,cmip6_same_stat_same_scenario_mean_1991_2020,1991-2014,2015-2020
吉林,Jilin Sheng,CHN.147295915,ssp119,p10,6,29.08,24,104.32,30,4.446666666666666,1991-2020,cmip6_same_stat_same_scenario_mean_1991_2020,1991-2014,2015-2020
吉林,Jilin Sheng,CHN.147295915,ssp119,p90,6,41.46,24,147.66,30,6.304,1991-2020,cmip6_same_stat_same_scenario_mean_1991_2020,1991-2014,2015-2020
吉林,Jilin Sheng,CHN.147295915,ssp126,median,6,35.84,24,128.0,30,5.461333333333333,1991-2020,cmip6_same_stat_same_scenario_mean_1991_2020,1991-2014,2015-2020
吉林,Jilin Sheng,CHN.147295915,ssp126,p10,6,29.55,24,104.32,30,4.4623333333333335,1991-2020,cmip6_same_stat_same_scenario_mean_1991_2020,1991-2014,2015-2020
吉林,Jilin Sheng,CHN.147295915,ssp126,p90,6,42.22,24,147.66,30,6.3293333333333335,1991-2020,cmip6_same_stat_same_scenario_mean_1991_2020,1991-2014,2015-2020
吉林,Jilin Sheng,CHN.147295915,ssp245,median,6,36.11,24,128.0,30,5.4703333333333335,1991-2020,cmip6_same_stat_same_scenario_mean_1991_2020,1991-2014,2015-2020
吉林,Jilin Sheng,CHN.147295915,ssp245,p10,6,30.0,24,104.32,30,4.477333333333333,1991-2020,cmip6_same_stat_same_scenario_mean_1991_2020,1991-2014,2015-2020
吉林,Jilin Sheng,CHN.147295915,ssp245,p90,6,40.59,24,147.66,30,6.275,1991-2020,cmip6_same_stat_same_scenario_mean_1991_2020,1991-2014,2015-2020
吉林,Jilin Sheng,CHN.147295915,ssp370,median,6,35.18,24,128.0,30,5.439333333333334,1991-2020,cmip6_same_stat_same_scenario_mean_1991_2020,1991-2014,2015-2020
吉林,Jilin Sheng,CHN.147295915,ssp370,p10,6,28.009999999999998,24,104.32,30,4.411,1991-2020,cmip6_same_stat_same_scenario_mean_1991_2020,1991-2014,2015-2020
吉林,Jilin Sheng,CHN.147295915,ssp370,p90,6,41.69,24,147.66,30,6.3116666666666665,1991-2020,cmip6_same_stat_same_scenario_mean_1991_2020,1991-2014,2015-2020
吉林,Jilin Sheng,CHN.147295915,ssp585,median,6,37.08,24,128.0,30,5.502666666666666,1991-2020,cmip6_same_stat_same_scenario_mean_1991_2020,1991-2014,2015-2020
吉林,Jilin Sheng,CHN.147295915,ssp585,p10,6,28.81,24,104.32,30,4.437666666666667,1991-2020,cmip6_same_stat_same_scenario_mean_1991_2020,1991-2014,2015-2020
吉林,Jilin Sheng,CHN.147295915,ssp585,p90,6,42.46,24,147.66,30,6.3373333333333335,1991-2020,cmip6_same_stat_same_scenario_mean_1991_2020,1991-2014,2015-2020
四川,Sichuan Sheng,CHN.147295924,ssp119,median,6,48.24,24,180.01,30,7.608333333333333,1991-2020,cmip6_same_stat_same_scenario_mean_1991_2020,1991-2014,2015-2020
四川,Sichuan Sheng,CHN.147295924,ssp119,p10,6,43.75,24,164.73,30,6.949333333333333,1991-2020,cmip6_same_stat_same_scenario_mean_1991_2020,1991-2014,2015-2020
四川,Sichuan Sheng,CHN.147295924,ssp119,p90,6,52.64,24,193.57,30,8.206999999999999,1991-2020,cmip6_same_stat_same_scenario_mean_1991_2020,1991-2014,2015-2020
四川,Sichuan Sheng,CHN.147295924,ssp126,median,6,48.35,24,180.01,30,7.611999999999999,1991-2020,cmip6_same_stat_same_scenario_mean_1991_2020,1991-2014,2015-2020
四川,Sichuan Sheng,CHN.147295924,ssp126,p10,6,44.31,24,164.73,30,6.968,1991-2020,cmip6_same_stat_same_scenario_mean_1991_2020,1991-2014,2015-2020
四川,Sichuan Sheng,CHN.147295924,ssp126,p90,6,53.37,24,193.57,30,8.231333333333334,1991-2020,cmip6_same_stat_same_scenario_mean_1991_2020,1991-2014,2015-2020
四川,Sichuan Sheng,CHN.147295924,ssp245,median,6,48.19,24,180.01,30,7.6066666666666665,1991-2020,cmip6_same_stat_same_scenario_mean_1991_2020,1991-2014,2015-2020
四川,Sichuan Sheng,CHN.147295924,ssp245,p10,6,43.910000000000004,24,164.73,30,6.954666666666666,1991-2020,cmip6_same_stat_same_scenario_mean_1991_2020,1991-2014,2015-2020
四川,Sichuan Sheng,CHN.147295924,ssp245,p90,6,52.41,24,193.57,30,8.199333333333334,1991-2020,cmip6_same_stat_same_scenario_mean_1991_2020,1991-2014,2015-2020
四川,Sichuan Sheng,CHN.147295924,ssp370,median,6,47.93,24,180.01,30,7.598,1991-2020,cmip6_same_stat_same_scenario_mean_1991_2020,1991-2014,2015-2020
四川,Sichuan Sheng,CHN.147295924,ssp370,p10,6,42.86,24,164.73,30,6.919666666666666,1991-2020,cmip6_same_stat_same_scenario_mean_1991_2020,1991-2014,2015-2020
四川,Sichuan Sheng,CHN.147295924,ssp370,p90,6,52.54,24,193.57,30,8.203666666666667,1991-2020,cmip6_same_stat_same_scenario_mean_1991_2020,1991-2014,2015-2020
四川,Sichuan Sheng,CHN.147295924,ssp585,median,6,49.07,24,180.01,30,7.635999999999999,1991-2020,cmip6_same_stat_same_scenario_mean_1991_2020,1991-2014,2015-2020
四川,Sichuan Sheng,CHN.147295924,ssp585,p10,6,44.19,24,164.73,30,6.9639999999999995,1991-2020,cmip6_same_stat_same_scenario_mean_1991_2020,1991-2014,2015-2020
四川,Sichuan Sheng,CHN.147295924,ssp585,p90,6,53.24,24,193.57,30,8.227,1991-2020,cmip6_same_stat_same_scenario_mean_1991_2020,1991-2014,2015-2020
天津,Tianjin Shi,CHN.147295926,ssp119,median,6,81.92,24,313.97,30,13.196333333333335,1991-2020,cmip6_same_stat_same_scenario_mean_1991_2020,1991-2014,2015-2020
天津,Tianjin Shi,CHN.147295926,ssp119,p10,6,76.4,24,296.15,30,12.418333333333331,1991-2020,cmip6_same_stat_same_scenario_mean_1991_2020,1991-2014,2015-2020
天津,Tianjin Shi,CHN.147295926,ssp119,p90,6,87.03999999999999,24,329.67,30,13.890333333333334,1991-2020,cmip6_same_stat_same_scenario_mean_1991_2020,1991-2014,2015-2020
天津,Tianjin Shi,CHN.147295926,ssp126,median,6,82.34,24,313.97,30,13.210333333333335,1991-2020,cmip6_same_stat_same_scenario_mean_1991_2020,1991-2014,2015-2020
天津,Tianjin Shi,CHN.147295926,ssp126,p10,6,77.16,24,296.15,30,12.443666666666665,1991-2020,cmip6_same_stat_same_scenario_mean_1991_2020,1991-2014,2015-2020
天津,Tianjin Shi,CHN.147295926,ssp126,p90,6,87.1,24,329.67,30,13.892333333333333,1991-2020,cmip6_same_stat_same_scenario_mean_1991_2020,1991-2014,2015-2020
天津,Tianjin Shi,CHN.147295926,ssp245,median,6,81.93,24,313.97,30,13.196666666666667,1991-2020,cmip6_same_stat_same_scenario_mean_1991_2020,1991-2014,2015-2020
天津,Tianjin Shi,CHN.147295926,ssp245,p10,6,77.05,24,296.15,30,12.44,1991-2020,cmip6_same_stat_same_scenario_mean_1991_2020,1991-2014,2015-2020
天津,Tianjin Shi,CHN.147295926,ssp245,p90,6,87.84,24,329.67,30,13.917,1991-2020,cmip6_same_stat_same_scenario_mean_1991_2020,1991-2014,2015-2020
天津,Tianjin Shi,CHN.147295926,ssp370,median,6,81.25,24,313.97,30,13.174000000000001,1991-2020,cmip6_same_stat_same_scenario_mean_1991_2020,1991-2014,2015-2020
天津,Tianjin Shi,CHN.147295926,ssp370,p10,6,74.66,24,296.15,30,12.360333333333331,1991-2020,cmip6_same_stat_same_scenario_mean_1991_2020,1991-2014,2015-2020
天津,Tianjin Shi,CHN.147295926,ssp370,p90,6,86.47,24,329.67,30,13.871333333333332,1991-2020,cmip6_same_stat_same_scenario_mean_1991_2020,1991-2014,2015-2020
天津,Tianjin Shi,CHN.147295926,ssp585,median,6,82.86,24,313.97,30,13.227666666666668,1991-2020,cmip6_same_stat_same_scenario_mean_1991_2020,1991-2014,2015-2020
天津,Tianjin Shi,CHN.147295926,ssp585,p10,6,76.99,24,296.15,30,12.437999999999999,1991-2020,cmip6_same_stat_same_scenario_mean_1991_2020,1991-2014,2015-2020
天津,Tianjin Shi,CHN.147295926,ssp585,p90,6,87.99,24,329.67,30,13.922,1991-2020,cmip6_same_stat_same_scenario_mean_1991_2020,1991-2014,2015-2020
宁夏,Ningxia Huizu Zizhiqu,CHN.147295918,ssp119,median,6,56.980000000000004,24,213.06,30,9.001333333333333,1991-2020,cmip6_same_stat_same_scenario_mean_1991_2020,1991-2014,2015-2020
宁夏,Ningxia Huizu Zizhiqu,CHN.147295918,ssp119,p10,6,51.92,24,195.53,30,8.248333333333333,1991-2020,cmip6_same_stat_same_scenario_mean_1991_2020,1991-2014,2015-2020
宁夏,Ningxia Huizu Zizhiqu,CHN.147295918,ssp119,p90,6,61.42,24,227.57,30,9.633000000000001,1991-2020,cmip6_same_stat_same_scenario_mean_1991_2020,1991-2014,2015-2020
宁夏,Ningxia Huizu Zizhiqu,CHN.147295918,ssp126,median,6,57.18,24,213.06,30,9.008000000000001,1991-2020,cmip6_same_stat_same_scenario_mean_1991_2020,1991-2014,2015-2020
宁夏,Ningxia Huizu Zizhiqu,CHN.147295918,ssp126,p10,6,51.91,24,195.53,30,8.248,1991-2020,cmip6_same_stat_same_scenario_mean_1991_2020,1991-2014,2015-2020
宁夏,Ningxia Huizu Zizhiqu,CHN.147295918,ssp126,p90,6,61.69,24,227.57,30,9.642,1991-2020,cmip6_same_stat_same_scenario_mean_1991_2020,1991-2014,2015-2020
宁夏,Ningxia Huizu Zizhiqu,CHN.147295918,ssp245,median,6,57.16,24,213.06,30,9.007333333333333,1991-2020,cmip6_same_stat_same_scenario_mean_1991_2020,1991-2014,2015-2020
宁夏,Ningxia Huizu Zizhiqu,CHN.147295918,ssp245,p10,6,52.19,24,195.53,30,8.257333333333333,1991-2020,cmip6_same_stat_same_scenario_mean_1991_2020,1991-2014,2015-2020
宁夏,Ningxia Huizu Zizhiqu,CHN.147295918,ssp245,p90,6,61.76,24,227.57,30,9.644333333333332,1991-2020,cmip6_same_stat_same_scenario_mean_1991_2020,1991-2014,2015-2020
宁夏,Ningxia Huizu Zizhiqu,CHN.147295918,ssp370,median,6,56.45,24,213.06,30,8.983666666666666,1991-2020,cmip6_same_stat_same_scenario_mean_1991_2020,1991-2014,2015-2020
宁夏,Ningxia Huizu Zizhiqu,CHN.147295918,ssp370,p10,6,51.35,24,195.53,30,8.229333333333333,1991-2020,cmip6_same_stat_same_scenario_mean_1991_2020,1991-2014,2015-2020
宁夏,Ningxia Huizu Zizhiqu,CHN.147295918,ssp370,p90,6,61.0,24,227.57,30,9.619,1991-2020,cmip6_same_stat_same_scenario_mean_1991_2020,1991-2014,2015-2020
宁夏,Ningxia Huizu Zizhiqu,CHN.147295918,ssp585,median,6,57.86,24,213.06,30,9.030666666666667,1991-2020,cmip6_same_stat_same_scenario_mean_1991_2020,1991-2014,2015-2020
宁夏,Ningxia Huizu Zizhiqu,CHN.147295918,ssp585,p10,6,52.34,24,195.53,30,8.262333333333334,1991-2020,cmip6_same_stat_same_scenario_mean_1991_2020,1991-2014,2015-2020
宁夏,Ningxia Huizu Zizhiqu,CHN.147295918,ssp585,p90,6,62.24,24,227.57,30,9.660333333333334,1991-2020,cmip6_same_stat_same_scenario_mean_1991_2020,1991-2014,2015-2020
安徽,Anhui Sheng,CHN.147295898,ssp119,median,6,99.65,24,386.71,30,16.212,1991-2020,cmip6_same_stat_same_scenario_mean_1991_2020,1991-2014,2015-2020
安徽,Anhui Sheng,CHN.147295898,ssp119,p10,6,94.87,24,369.94,30,15.493666666666666,1991-2020,cmip6_same_stat_same_scenario_mean_1991_2020,1991-2014,2015-2020
安徽,Anhui Sheng,CHN.147295898,ssp119,p90,6,104.63,24,401.83,30,16.881999999999998,1991-2020,cmip6_same_stat_same_scenario_mean_1991_2020,1991-2014,2015-2020
安徽,Anhui Sheng,CHN.147295898,ssp126,median,6,99.93,24,386.71,30,16.221333333333334,1991-2020,cmip6_same_stat_same_scenario_mean_1991_2020,1991-2014,2015-2020
安徽,Anhui Sheng,CHN.147295898,ssp126,p10,6,95.37,24,369.94,30,15.510333333333334,1991-2020,cmip6_same_stat_same_scenario_mean_1991_2020,1991-2014,2015-2020
安徽,Anhui Sheng,CHN.147295898,ssp126,p90,6,105.37,24,401.83,30,16.906666666666666,1991-2020,cmip6_same_stat_same_scenario_mean_1991_2020,1991-2014,2015-2020
安徽,Anhui Sheng,CHN.147295898,ssp245,median,6,100.01,24,386.71,30,16.224,1991-2020,cmip6_same_stat_same_scenario_mean_1991_2020,1991-2014,2015-2020
安徽,Anhui Sheng,CHN.147295898,ssp245,p10,6,95.58,24,369.94,30,15.517333333333333,1991-2020,cmip6_same_stat_same_scenario_mean_1991_2020,1991-2014,2015-2020
安徽,Anhui Sheng,CHN.147295898,ssp245,p90,6,104.58,24,401.83,30,16.880333333333333,1991-2020,cmip6_same_stat_same_scenario_mean_1991_2020,1991-2014,2015-2020
安徽,Anhui Sheng,CHN.147295898,ssp370,median,6,99.07,24,386.71,30,16.192666666666664,1991-2020,cmip6_same_stat_same_scenario_mean_1991_2020,1991-2014,2015-2020
安徽,Anhui Sheng,CHN.147295898,ssp370,p10,6,93.45,24,369.94,30,15.446333333333333,1991-2020,cmip6_same_stat_same_scenario_mean_1991_2020,1991-2014,2015-2020
安徽,Anhui Sheng,CHN.147295898,ssp370,p90,6,103.88,24,401.83,30,16.857,1991-2020,cmip6_same_stat_same_scenario_mean_1991_2020,1991-2014,2015-2020
安徽,Anhui Sheng,CHN.147295898,ssp585,median,6,100.18,24,386.71,30,16.229666666666667,1991-2020,cmip6_same_stat_same_scenario_mean_1991_2020,1991-2014,2015-2020
安徽,Anhui Sheng,CHN.147295898,ssp585,p10,6,95.4,24,369.94,30,15.511333333333335,1991-2020,cmip6_same_stat_same_scenario_mean_1991_2020,1991-2014,2015-2020
安徽,Anhui Sheng,CHN.147295898,ssp585,p90,6,105.72,24,401.83,30,16.918333333333333,1991-2020,cmip6_same_stat_same_scenario_mean_1991_2020,1991-2014,2015-2020
山东,Shandong Sheng,CHN.147295921,ssp119,median,6,85.17,24,327.66,30,13.761000000000001,1991-2020,cmip6_same_stat_same_scenario_mean_1991_2020,1991-2014,2015-2020
山东,Shandong Sheng,CHN.147295921,ssp119,p10,6,79.86,24,311.18,30,13.034666666666668,1991-2020,cmip6_same_stat_same_scenario_mean_1991_2020,1991-2014,2015-2020
山东,Shandong Sheng,CHN.147295921,ssp119,p90,6,89.99,24,342.65,30,14.421333333333333,1991-2020,cmip6_same_stat_same_scenario_mean_1991_2020,1991-2014,2015-2020
山东,Shandong Sheng,CHN.147295921,ssp126,median,6,85.69,24,327.66,30,13.778333333333334,1991-2020,cmip6_same_stat_same_scenario_mean_1991_2020,1991-2014,2015-2020
山东,Shandong Sheng,CHN.147295921,ssp126,p10,6,80.59,24,311.18,30,13.059,1991-2020,cmip6_same_stat_same_scenario_mean_1991_2020,1991-2014,2015-2020
山东,Shandong Sheng,CHN.147295921,ssp126,p90,6,90.6,24,342.65,30,14.441666666666666,1991-2020,cmip6_same_stat_same_scenario_mean_1991_2020,1991-2014,2015-2020
山东,Shandong Sheng,CHN.147295921,ssp245,median,6,85.23,24,327.66,30,13.763000000000002,1991-2020,cmip6_same_stat_same_scenario_mean_1991_2020,1991-2014,2015-2020
山东,Shandong Sheng,CHN.147295921,ssp245,p10,6,80.42,24,311.18,30,13.053333333333335,1991-2020,cmip6_same_stat_same_scenario_mean_1991_2020,1991-2014,2015-2020
山东,Shandong Sheng,CHN.147295921,ssp245,p90,6,90.04,24,342.65,30,14.423,1991-2020,cmip6_same_stat_same_scenario_mean_1991_2020,1991-2014,2015-2020
山东,Shandong Sheng,CHN.147295921,ssp370,median,6,84.8,24,327.66,30,13.748666666666669,1991-2020,cmip6_same_stat_same_scenario_mean_1991_2020,1991-2014,2015-2020
山东,Shandong Sheng,CHN.147295921,ssp370,p10,6,78.52,24,311.18,30,12.99,1991-2020,cmip6_same_stat_same_scenario_mean_1991_2020,1991-2014,2015-2020
山东,Shandong Sheng,CHN.147295921,ssp370,p90,6,89.58,24,342.65,30,14.407666666666666,1991-2020,cmip6_same_stat_same_scenario_mean_1991_2020,1991-2014,2015-2020
山东,Shandong Sheng,CHN.147295921,ssp585,median,6,85.63,24,327.66,30,13.776333333333334,1991-2020,cmip6_same_stat_same_scenario_mean_1991_2020,1991-2014,2015-2020
山东,Shandong Sheng,CHN.147295921,ssp585,p10,6,80.09,24,311.18,30,13.042333333333334,1991-2020,cmip6_same_stat_same_scenario_mean_1991_2020,1991-2014,2015-2020
山东,Shandong Sheng,CHN.147295921,ssp585,p90,6,90.81,24,342.65,30,14.448666666666666,1991-2020,cmip6_same_stat_same_scenario_mean_1991_2020,1991-2014,2015-2020
山西,Shanxi Sheng,CHN.147295923,ssp119,median,6,58.14,24,218.12,30,9.208666666666666,1991-2020,cmip6_same_stat_same_scenario_mean_1991_2020,1991-2014,2015-2020
山西,Shanxi Sheng,CHN.147295923,ssp119,p10,6,53.09,24,199.2,30,8.409666666666666,1991-2020,cmip6_same_stat_same_scenario_mean_1991_2020,1991-2014,2015-2020
山西,Shanxi Sheng,CHN.147295923,ssp119,p90,6,63.35,24,234.82,30,9.939,1991-2020,cmip6_same_stat_same_scenario_mean_1991_2020,1991-2014,2015-2020
山西,Shanxi Sheng,CHN.147295923,ssp126,median,6,58.3,24,218.12,30,9.214,1991-2020,cmip6_same_stat_same_scenario_mean_1991_2020,1991-2014,2015-2020
山西,Shanxi Sheng,CHN.147295923,ssp126,p10,6,53.65,24,199.2,30,8.428333333333333,1991-2020,cmip6_same_stat_same_scenario_mean_1991_2020,1991-2014,2015-2020
山西,Shanxi Sheng,CHN.147295923,ssp126,p90,6,63.599999999999994,24,234.82,30,9.947333333333331,1991-2020,cmip6_same_stat_same_scenario_mean_1991_2020,1991-2014,2015-2020
山西,Shanxi Sheng,CHN.147295923,ssp245,median,6,58.41,24,218.12,30,9.217666666666666,1991-2020,cmip6_same_stat_same_scenario_mean_1991_2020,1991-2014,2015-2020
山西,Shanxi Sheng,CHN.147295923,ssp245,p10,6,53.69,24,199.2,30,8.429666666666666,1991-2020,cmip6_same_stat_same_scenario_mean_1991_2020,1991-2014,2015-2020
山西,Shanxi Sheng,CHN.147295923,ssp245,p90,6,63.66,24,234.82,30,9.949333333333334,1991-2020,cmip6_same_stat_same_scenario_mean_1991_2020,1991-2014,2015-2020
山西,Shanxi Sheng,CHN.147295923,ssp370,median,6,57.74,24,218.12,30,9.195333333333334,1991-2020,cmip6_same_stat_same_scenario_mean_1991_2020,1991-2014,2015-2020
山西,Shanxi Sheng,CHN.147295923,ssp370,p10,6,52.1,24,199.2,30,8.376666666666667,1991-2020,cmip6_same_stat_same_scenario_mean_1991_2020,1991-2014,2015-2020
山西,Shanxi Sheng,CHN.147295923,ssp370,p90,6,63.1,24,234.82,30,9.930666666666667,1991-2020,cmip6_same_stat_same_scenario_mean_1991_2020,1991-2014,2015-2020
山西,Shanxi Sheng,CHN.147295923,ssp585,median,6,58.88,24,218.12,30,9.233333333333333,1991-2020,cmip6_same_stat_same_scenario_mean_1991_2020,1991-2014,2015-2020
山西,Shanxi Sheng,CHN.147295923,ssp585,p10,6,53.239999999999995,24,199.2,30,8.414666666666667,1991-2020,cmip6_same_stat_same_scenario_mean_1991_2020,1991-2014,2015-2020
山西,Shanxi Sheng,CHN.147295923,ssp585,p90,6,64.2,24,234.82,30,9.967333333333332,1991-2020,cmip6_same_stat_same_scenario_mean_1991_2020,1991-2014,2015-2020
广东,Guangdong Sheng,CHN.147295903,ssp119,median,6,133.43,24,522.63,30,21.868666666666666,1991-2020,cmip6_same_stat_same_scenario_mean_1991_2020,1991-2014,2015-2020
广东,Guangdong Sheng,CHN.147295903,ssp119,p10,6,128.89,24,507.91,30,21.226666666666667,1991-2020,cmip6_same_stat_same_scenario_mean_1991_2020,1991-2014,2015-2020
广东,Guangdong Sheng,CHN.147295903,ssp119,p90,6,137.31,24,536.25,30,22.451999999999998,1991-2020,cmip6_same_stat_same_scenario_mean_1991_2020,1991-2014,2015-2020
广东,Guangdong Sheng,CHN.147295903,ssp126,median,6,133.81,24,522.63,30,21.881333333333334,1991-2020,cmip6_same_stat_same_scenario_mean_1991_2020,1991-2014,2015-2020
广东,Guangdong Sheng,CHN.147295903,ssp126,p10,6,129.37,24,507.91,30,21.242666666666665,1991-2020,cmip6_same_stat_same_scenario_mean_1991_2020,1991-2014,2015-2020
广东,Guangdong Sheng,CHN.147295903,ssp126,p90,6,137.75,24,536.25,30,22.466666666666665,1991-2020,cmip6_same_stat_same_scenario_mean_1991_2020,1991-2014,2015-2020
广东,Guangdong Sheng,CHN.147295903,ssp245,median,6,133.46,24,522.63,30,21.869666666666667,1991-2020,cmip6_same_stat_same_scenario_mean_1991_2020,1991-2014,2015-2020
广东,Guangdong Sheng,CHN.147295903,ssp245,p10,6,128.97,24,507.91,30,21.229333333333333,1991-2020,cmip6_same_stat_same_scenario_mean_1991_2020,1991-2014,2015-2020
广东,Guangdong Sheng,CHN.147295903,ssp245,p90,6,137.66,24,536.25,30,22.463666666666665,1991-2020,cmip6_same_stat_same_scenario_mean_1991_2020,1991-2014,2015-2020
广东,Guangdong Sheng,CHN.147295903,ssp370,median,6,132.94,24,522.63,30,21.85233333333333,1991-2020,cmip6_same_stat_same_scenario_mean_1991_2020,1991-2014,2015-2020
广东,Guangdong Sheng,CHN.147295903,ssp370,p10,6,127.92,24,507.91,30,21.194333333333336,1991-2020,cmip6_same_stat_same_scenario_mean_1991_2020,1991-2014,2015-2020
广东,Guangdong Sheng,CHN.147295903,ssp370,p90,6,136.98,24,536.25,30,22.441,1991-2020,cmip6_same_stat_same_scenario_mean_1991_2020,1991-2014,2015-2020
广东,Guangdong Sheng,CHN.147295903,ssp585,median,6,134.07,24,522.63,30,21.89,1991-2020,cmip6_same_stat_same_scenario_mean_1991_2020,1991-2014,2015-2020
广东,Guangdong Sheng,CHN.147295903,ssp585,p10,6,129.43,24,507.91,30,21.244666666666667,1991-2020,cmip6_same_stat_same_scenario_mean_1991_2020,1991-2014,2015-2020
广东,Guangdong Sheng,CHN.147295903,ssp585,p90,6,137.75,24,536.25,30,22.466666666666665,1991-2020,cmip6_same_stat_same_scenario_mean_1991_2020,1991-2014,2015-2020
广西,Guangxi Zhuangzu Zizhiqu,CHN.147295904,ssp119,median,6,126.88,24,495.91,30,20.759666666666664,1991-2020,cmip6_same_stat_same_scenario_mean_1991_2020,1991-2014,2015-2020
广西,Guangxi Zhuangzu Zizhiqu,CHN.147295904,ssp119,p10,6,121.78999999999999,24,479.96,30,20.058333333333334,1991-2020,cmip6_same_stat_same_scenario_mean_1991_2020,1991-2014,2015-2020
广西,Guangxi Zhuangzu Zizhiqu,CHN.147295904,ssp119,p90,6,131.01,24,510.29,30,21.376666666666665,1991-2020,cmip6_same_stat_same_scenario_mean_1991_2020,1991-2014,2015-2020
广西,Guangxi Zhuangzu Zizhiqu,CHN.147295904,ssp126,median,6,127.07,24,495.91,30,20.766000000000002,1991-2020,cmip6_same_stat_same_scenario_mean_1991_2020,1991-2014,2015-2020
广西,Guangxi Zhuangzu Zizhiqu,CHN.147295904,ssp126,p10,6,122.37,24,479.96,30,20.077666666666666,1991-2020,cmip6_same_stat_same_scenario_mean_1991_2020,1991-2014,2015-2020
广西,Guangxi Zhuangzu Zizhiqu,CHN.147295904,ssp126,p90,6,131.39,24,510.29,30,21.389333333333337,1991-2020,cmip6_same_stat_same_scenario_mean_1991_2020,1991-2014,2015-2020
广西,Guangxi Zhuangzu Zizhiqu,CHN.147295904,ssp245,median,6,126.99,24,495.91,30,20.763333333333332,1991-2020,cmip6_same_stat_same_scenario_mean_1991_2020,1991-2014,2015-2020
广西,Guangxi Zhuangzu Zizhiqu,CHN.147295904,ssp245,p10,6,121.75,24,479.96,30,20.057000000000002,1991-2020,cmip6_same_stat_same_scenario_mean_1991_2020,1991-2014,2015-2020
广西,Guangxi Zhuangzu Zizhiqu,CHN.147295904,ssp245,p90,6,131.3,24,510.29,30,21.386333333333333,1991-2020,cmip6_same_stat_same_scenario_mean_1991_2020,1991-2014,2015-2020
广西,Guangxi Zhuangzu Zizhiqu,CHN.147295904,ssp370,median,6,126.53999999999999,24,495.91,30,20.748333333333335,1991-2020,cmip6_same_stat_same_scenario_mean_1991_2020,1991-2014,2015-2020
广西,Guangxi Zhuangzu Zizhiqu,CHN.147295904,ssp370,p10,6,120.69,24,479.96,30,20.021666666666665,1991-2020,cmip6_same_stat_same_scenario_mean_1991_2020,1991-2014,2015-2020
广西,Guangxi Zhuangzu Zizhiqu,CHN.147295904,ssp370,p90,6,130.87,24,510.29,30,21.372000000000003,1991-2020,cmip6_same_stat_same_scenario_mean_1991_2020,1991-2014,2015-2020
广西,Guangxi Zhuangzu Zizhiqu,CHN.147295904,ssp585,median,6,127.45,24,495.91,30,20.778666666666666,1991-2020,cmip6_same_stat_same_scenario_mean_1991_2020,1991-2014,2015-2020
广西,Guangxi Zhuangzu Zizhiqu,CHN.147295904,ssp585,p10,6,122.46000000000001,24,479.96,30,20.080666666666666,1991-2020,cmip6_same_stat_same_scenario_mean_1991_2020,1991-2014,2015-2020
广西,Guangxi Zhuangzu Zizhiqu,CHN.147295904,ssp585,p90,6,131.42,24,510.29,30,21.390333333333334,1991-2020,cmip6_same_stat_same_scenario_mean_1991_2020,1991-2014,2015-2020
新疆,Xinjiang Uygur Zizhiqu,CHN.147295927,ssp119,median,6,36.63,24,129.91,30,5.551333333333333,1991-2020,cmip6_same_stat_same_scenario_mean_1991_2020,1991-2014,2015-2020
新疆,Xinjiang Uygur Zizhiqu,CHN.147295927,ssp119,p10,6,31.54,24,111.79,30,4.777666666666667,1991-2020,cmip6_same_stat_same_scenario_mean_1991_2020,1991-2014,2015-2020
新疆,Xinjiang Uygur Zizhiqu,CHN.147295927,ssp119,p90,6,41.27,24,145.81,30,6.236000000000001,1991-2020,cmip6_same_stat_same_scenario_mean_1991_2020,1991-2014,2015-2020
新疆,Xinjiang Uygur Zizhiqu,CHN.147295927,ssp126,median,6,36.339999999999996,24,129.91,30,5.541666666666667,1991-2020,cmip6_same_stat_same_scenario_mean_1991_2020,1991-2014,2015-2020
新疆,Xinjiang Uygur Zizhiqu,CHN.147295927,ssp126,p10,6,31.490000000000002,24,111.79,30,4.776,1991-2020,cmip6_same_stat_same_scenario_mean_1991_2020,1991-2014,2015-2020
新疆,Xinjiang Uygur Zizhiqu,CHN.147295927,ssp126,p90,6,40.95,24,145.81,30,6.225333333333333,1991-2020,cmip6_same_stat_same_scenario_mean_1991_2020,1991-2014,2015-2020
新疆,Xinjiang Uygur Zizhiqu,CHN.147295927,ssp245,median,6,36.65,24,129.91,30,5.5520000000000005,1991-2020,cmip6_same_stat_same_scenario_mean_1991_2020,1991-2014,2015-2020
新疆,Xinjiang Uygur Zizhiqu,CHN.147295927,ssp245,p10,6,31.69,24,111.79,30,4.7826666666666675,1991-2020,cmip6_same_stat_same_scenario_mean_1991_2020,1991-2014,2015-2020
新疆,Xinjiang Uygur Zizhiqu,CHN.147295927,ssp245,p90,6,41.22,24,145.81,30,6.234333333333334,1991-2020,cmip6_same_stat_same_scenario_mean_1991_2020,1991-2014,2015-2020
新疆,Xinjiang Uygur Zizhiqu,CHN.147295927,ssp370,median,6,36.54,24,129.91,30,5.548333333333333,1991-2020,cmip6_same_stat_same_scenario_mean_1991_2020,1991-2014,2015-2020
新疆,Xinjiang Uygur Zizhiqu,CHN.147295927,ssp370,p10,6,31.17,24,111.79,30,4.765333333333333,1991-2020,cmip6_same_stat_same_scenario_mean_1991_2020,1991-2014,2015-2020
新疆,Xinjiang Uygur Zizhiqu,CHN.147295927,ssp370,p90,6,41.59,24,145.81,30,6.246666666666667,1991-2020,cmip6_same_stat_same_scenario_mean_1991_2020,1991-2014,2015-2020
新疆,Xinjiang Uygur Zizhiqu,CHN.147295927,ssp585,median,6,37.660000000000004,24,129.91,30,5.585666666666667,1991-2020,cmip6_same_stat_same_scenario_mean_1991_2020,1991-2014,2015-2020
新疆,Xinjiang Uygur Zizhiqu,CHN.147295927,ssp585,p10,6,32.08,24,111.79,30,4.7956666666666665,1991-2020,cmip6_same_stat_same_scenario_mean_1991_2020,1991-2014,2015-2020
新疆,Xinjiang Uygur Zizhiqu,CHN.147295927,ssp585,p90,6,42.29,24,145.81,30,6.27,1991-2020,cmip6_same_stat_same_scenario_mean_1991_2020,1991-2014,2015-2020
江苏,Jiangsu Sheng,CHN.147295913,ssp119,median,6,97.0,24,375.56,30,15.752,1991-2020,cmip6_same_stat_same_scenario_mean_1991_2020,1991-2014,2015-2020
江苏,Jiangsu Sheng,CHN.147295913,ssp119,p10,6,92.23,24,360.26,30,15.083,1991-2020,cmip6_same_stat_same_scenario_mean_1991_2020,1991-2014,2015-2020
江苏,Jiangsu Sheng,CHN.147295913,ssp119,p90,6,101.69999999999999,24,389.8,30,16.383333333333333,1991-2020,cmip6_same_stat_same_scenario_mean_1991_2020,1991-2014,2015-2020
江苏,Jiangsu Sheng,CHN.147295913,ssp126,median,6,97.35,24,375.56,30,15.763666666666666,1991-2020,cmip6_same_stat_same_scenario_mean_1991_2020,1991-2014,2015-2020
江苏,Jiangsu Sheng,CHN.147295913,ssp126,p10,6,92.43,24,360.26,30,15.089666666666666,1991-2020,cmip6_same_stat_same_scenario_mean_1991_2020,1991-2014,2015-2020
江苏,Jiangsu Sheng,CHN.147295913,ssp126,p90,6,102.56,24,389.8,30,16.412,1991-2020,cmip6_same_stat_same_scenario_mean_1991_2020,1991-2014,2015-2020
江苏,Jiangsu Sheng,CHN.147295913,ssp245,median,6,97.28,24,375.56,30,15.761333333333335,1991-2020,cmip6_same_stat_same_scenario_mean_1991_2020,1991-2014,2015-2020
江苏,Jiangsu Sheng,CHN.147295913,ssp245,p10,6,92.99,24,360.26,30,15.108333333333333,1991-2020,cmip6_same_stat_same_scenario_mean_1991_2020,1991-2014,2015-2020
江苏,Jiangsu Sheng,CHN.147295913,ssp245,p90,6,101.72999999999999,24,389.8,30,16.384333333333334,1991-2020,cmip6_same_stat_same_scenario_mean_1991_2020,1991-2014,2015-2020
江苏,Jiangsu Sheng,CHN.147295913,ssp370,median,6,96.6,24,375.56,30,15.738666666666665,1991-2020,cmip6_same_stat_same_scenario_mean_1991_2020,1991-2014,2015-2020
江苏,Jiangsu Sheng,CHN.147295913,ssp370,p10,6,90.95,24,360.26,30,15.040333333333333,1991-2020,cmip6_same_stat_same_scenario_mean_1991_2020,1991-2014,2015-2020
江苏,Jiangsu Sheng,CHN.147295913,ssp370,p90,6,101.01,24,389.8,30,16.360333333333333,1991-2020,cmip6_same_stat_same_scenario_mean_1991_2020,1991-2014,2015-2020
江苏,Jiangsu Sheng,CHN.147295913,ssp585,median,6,97.39,24,375.56,30,15.764999999999999,1991-2020,cmip6_same_stat_same_scenario_mean_1991_2020,1991-2014,2015-2020
江苏,Jiangsu Sheng,CHN.147295913,ssp585,p10,6,92.75,24,360.26,30,15.100333333333333,1991-2020,cmip6_same_stat_same_scenario_mean_1991_2020,1991-2014,2015-2020
江苏,Jiangsu Sheng,CHN.147295913,ssp585,p90,6,102.52000000000001,24,389.8,30,16.410666666666668,1991-2020,cmip6_same_stat_same_scenario_mean_1991_2020,1991-2014,2015-2020
江西,Jiangxi Sheng,CHN.147295914,ssp119,median,6,114.72,24,446.96,30,18.722666666666665,1991-2020,cmip6_same_stat_same_scenario_mean_1991_2020,1991-2014,2015-2020
江西,Jiangxi Sheng,CHN.147295914,ssp119,p10,6,109.8,24,430.26,30,18.002,1991-2020,cmip6_same_stat_same_scenario_mean_1991_2020,1991-2014,2015-2020
江西,Jiangxi Sheng,CHN.147295914,ssp119,p90,6,119.39,24,461.44,30,19.361,1991-2020,cmip6_same_stat_same_scenario_mean_1991_2020,1991-2014,2015-2020
江西,Jiangxi Sheng,CHN.147295914,ssp126,median,6,115.0,24,446.96,30,18.732000000000003,1991-2020,cmip6_same_stat_same_scenario_mean_1991_2020,1991-2014,2015-2020
江西,Jiangxi Sheng,CHN.147295914,ssp126,p10,6,110.5,24,430.26,30,18.025333333333332,1991-2020,cmip6_same_stat_same_scenario_mean_1991_2020,1991-2014,2015-2020
江西,Jiangxi Sheng,CHN.147295914,ssp126,p90,6,119.9,24,461.44,30,19.378,1991-2020,cmip6_same_stat_same_scenario_mean_1991_2020,1991-2014,2015-2020
江西,Jiangxi Sheng,CHN.147295914,ssp245,median,6,114.91,24,446.96,30,18.729,1991-2020,cmip6_same_stat_same_scenario_mean_1991_2020,1991-2014,2015-2020
江西,Jiangxi Sheng,CHN.147295914,ssp245,p10,6,110.06,24,430.26,30,18.010666666666665,1991-2020,cmip6_same_stat_same_scenario_mean_1991_2020,1991-2014,2015-2020
江西,Jiangxi Sheng,CHN.147295914,ssp245,p90,6,119.31,24,461.44,30,19.358333333333334,1991-2020,cmip6_same_stat_same_scenario_mean_1991_2020,1991-2014,2015-2020
江西,Jiangxi Sheng,CHN.147295914,ssp370,median,6,114.13,24,446.96,30,18.702999999999996,1991-2020,cmip6_same_stat_same_scenario_mean_1991_2020,1991-2014,2015-2020
江西,Jiangxi Sheng,CHN.147295914,ssp370,p10,6,108.41,24,430.26,30,17.955666666666666,1991-2020,cmip6_same_stat_same_scenario_mean_1991_2020,1991-2014,2015-2020
江西,Jiangxi Sheng,CHN.147295914,ssp370,p90,6,118.83,24,461.44,30,19.342333333333332,1991-2020,cmip6_same_stat_same_scenario_mean_1991_2020,1991-2014,2015-2020
江西,Jiangxi Sheng,CHN.147295914,ssp585,median,6,115.5,24,446.96,30,18.74866666666667,1991-2020,cmip6_same_stat_same_scenario_mean_1991_2020,1991-2014,2015-2020
江西,Jiangxi Sheng,CHN.147295914,ssp585,p10,6,110.41999999999999,24,430.26,30,18.022666666666666,1991-2020,cmip6_same_stat_same_scenario_mean_1991_2020,1991-2014,2015-2020
江西,Jiangxi Sheng,CHN.147295914,ssp585,p90,6,120.51,24,461.44,30,19.398333333333333,1991-2020,cmip6_same_stat_same_scenario_mean_1991_2020,1991-2014,2015-2020
河北,Hebei Sheng,CHN.147295907,ssp119,median,6,63.86,24,241.17000000000002,30,10.167666666666667,1991-2020,cmip6_same_stat_same_scenario_mean_1991_2020,1991-2014,2015-2020
河北,Hebei Sheng,CHN.147295907,ssp119,p10,6,58.15,24,222.08,30,9.341000000000001,1991-2020,cmip6_same_stat_same_scenario_mean_1991_2020,1991-2014,2015-2020
河北,Hebei Sheng,CHN.147295907,ssp119,p90,6,68.91,24,258.02,30,10.897666666666664,1991-2020,cmip6_same_stat_same_scenario_mean_1991_2020,1991-2014,2015-2020
河北,Hebei Sheng,CHN.147295907,ssp126,median,6,64.2,24,241.17000000000002,30,10.179,1991-2020,cmip6_same_stat_same_scenario_mean_1991_2020,1991-2014,2015-2020
河北,Hebei Sheng,CHN.147295907,ssp126,p10,6,58.78,24,222.08,30,9.362,1991-2020,cmip6_same_stat_same_scenario_mean_1991_2020,1991-2014,2015-2020
河北,Hebei Sheng,CHN.147295907,ssp126,p90,6,69.32000000000001,24,258.02,30,10.911333333333333,1991-2020,cmip6_same_stat_same_scenario_mean_1991_2020,1991-2014,2015-2020
河北,Hebei Sheng,CHN.147295907,ssp245,median,6,64.0,24,241.17000000000002,30,10.172333333333334,1991-2020,cmip6_same_stat_same_scenario_mean_1991_2020,1991-2014,2015-2020
河北,Hebei Sheng,CHN.147295907,ssp245,p10,6,59.01,24,222.08,30,9.369666666666667,1991-2020,cmip6_same_stat_same_scenario_mean_1991_2020,1991-2014,2015-2020
河北,Hebei Sheng,CHN.147295907,ssp245,p90,6,69.12,24,258.02,30,10.904666666666666,1991-2020,cmip6_same_stat_same_scenario_mean_1991_2020,1991-2014,2015-2020
河北,Hebei Sheng,CHN.147295907,ssp370,median,6,63.35,24,241.17000000000002,30,10.150666666666668,1991-2020,cmip6_same_stat_same_scenario_mean_1991_2020,1991-2014,2015-2020
河北,Hebei Sheng,CHN.147295907,ssp370,p10,6,56.8,24,222.08,30,9.296,1991-2020,cmip6_same_stat_same_scenario_mean_1991_2020,1991-2014,2015-2020
河北,Hebei Sheng,CHN.147295907,ssp370,p90,6,68.58,24,258.02,30,10.886666666666665,1991-2020,cmip6_same_stat_same_scenario_mean_1991_2020,1991-2014,2015-2020
河北,Hebei Sheng,CHN.147295907,ssp585,median,6,64.68,24,241.17000000000002,30,10.195,1991-2020,cmip6_same_stat_same_scenario_mean_1991_2020,1991-2014,2015-2020
河北,Hebei Sheng,CHN.147295907,ssp585,p10,6,58.239999999999995,24,222.08,30,9.344,1991-2020,cmip6_same_stat_same_scenario_mean_1991_2020,1991-2014,2015-2020
河北,Hebei Sheng,CHN.147295907,ssp585,p90,6,69.76,24,258.02,30,10.925999999999998,1991-2020,cmip6_same_stat_same_scenario_mean_1991_2020,1991-2014,2015-2020
河南,Henan Sheng,CHN.147295909,ssp119,median,6,92.27,24,357.49,30,14.991999999999999,1991-2020,cmip6_same_stat_same_scenario_mean_1991_2020,1991-2014,2015-2020
河南,Henan Sheng,CHN.147295909,ssp119,p10,6,87.31,24,338.5,30,14.193666666666667,1991-2020,cmip6_same_stat_same_scenario_mean_1991_2020,1991-2014,2015-2020
河南,Henan Sheng,CHN.147295909,ssp119,p90,6,97.5,24,373.63,30,15.704333333333333,1991-2020,cmip6_same_stat_same_scenario_mean_1991_2020,1991-2014,2015-2020
河南,Henan Sheng,CHN.147295909,ssp126,median,6,92.58,24,357.49,30,15.002333333333333,1991-2020,cmip6_same_stat_same_scenario_mean_1991_2020,1991-2014,2015-2020
河南,Henan Sheng,CHN.147295909,ssp126,p10,6,87.74,24,338.5,30,14.208,1991-2020,cmip6_same_stat_same_scenario_mean_1991_2020,1991-2014,2015-2020
河南,Henan Sheng,CHN.147295909,ssp126,p90,6,97.61,24,373.63,30,15.708,1991-2020,cmip6_same_stat_same_scenario_mean_1991_2020,1991-2014,2015-2020
河南,Henan Sheng,CHN.147295909,ssp245,median,6,92.41,24,357.49,30,14.996666666666666,1991-2020,cmip6_same_stat_same_scenario_mean_1991_2020,1991-2014,2015-2020
河南,Henan Sheng,CHN.147295909,ssp245,p10,6,87.88,24,338.5,30,14.212666666666667,1991-2020,cmip6_same_stat_same_scenario_mean_1991_2020,1991-2014,2015-2020
河南,Henan Sheng,CHN.147295909,ssp245,p90,6,97.79,24,373.63,30,15.714,1991-2020,cmip6_same_stat_same_scenario_mean_1991_2020,1991-2014,2015-2020
河南,Henan Sheng,CHN.147295909,ssp370,median,6,91.73,24,357.49,30,14.974,1991-2020,cmip6_same_stat_same_scenario_mean_1991_2020,1991-2014,2015-2020
河南,Henan Sheng,CHN.147295909,ssp370,p10,6,86.22,24,338.5,30,14.157333333333334,1991-2020,cmip6_same_stat_same_scenario_mean_1991_2020,1991-2014,2015-2020
河南,Henan Sheng,CHN.147295909,ssp370,p90,6,96.86,24,373.63,30,15.683,1991-2020,cmip6_same_stat_same_scenario_mean_1991_2020,1991-2014,2015-2020
河南,Henan Sheng,CHN.147295909,ssp585,median,6,93.00999999999999,24,357.49,30,15.016666666666667,1991-2020,cmip6_same_stat_same_scenario_mean_1991_2020,1991-2014,2015-2020
河南,Henan Sheng,CHN.147295909,ssp585,p10,6,87.59,24,338.5,30,14.203000000000001,1991-2020,cmip6_same_stat_same_scenario_mean_1991_2020,1991-2014,2015-2020
河南,Henan Sheng,CHN.147295909,ssp585,p90,6,98.82,24,373.63,30,15.748333333333333,1991-2020,cmip6_same_stat_same_scenario_mean_1991_2020,1991-2014,2015-2020
浙江,Zhejiang Sheng,CHN.147295930,ssp119,median,6,106.28999999999999,24,412.98,30,17.309,1991-2020,cmip6_same_stat_same_scenario_mean_1991_2020,1991-2014,2015-2020
浙江,Zhejiang Sheng,CHN.147295930,ssp119,p10,6,101.69,24,397.32,30,16.633666666666667,1991-2020,cmip6_same_stat_same_scenario_mean_1991_2020,1991-2014,2015-2020
浙江,Zhejiang Sheng,CHN.147295930,ssp119,p90,6,110.66,24,427.24,30,17.93,1991-2020,cmip6_same_stat_same_scenario_mean_1991_2020,1991-2014,2015-2020
浙江,Zhejiang Sheng,CHN.147295930,ssp126,median,6,106.59,24,412.98,30,17.319000000000003,1991-2020,cmip6_same_stat_same_scenario_mean_1991_2020,1991-2014,2015-2020
浙江,Zhejiang Sheng,CHN.147295930,ssp126,p10,6,102.15,24,397.32,30,16.649,1991-2020,cmip6_same_stat_same_scenario_mean_1991_2020,1991-2014,2015-2020
浙江,Zhejiang Sheng,CHN.147295930,ssp126,p90,6,111.49,24,427.24,30,17.957666666666668,1991-2020,cmip6_same_stat_same_scenario_mean_1991_2020,1991-2014,2015-2020
浙江,Zhejiang Sheng,CHN.147295930,ssp245,median,6,106.67,24,412.98,30,17.321666666666665,1991-2020,cmip6_same_stat_same_scenario_mean_1991_2020,1991-2014,2015-2020
浙江,Zhejiang Sheng,CHN.147295930,ssp245,p10,6,102.12,24,397.32,30,16.648,1991-2020,cmip6_same_stat_same_scenario_mean_1991_2020,1991-2014,2015-2020
浙江,Zhejiang Sheng,CHN.147295930,ssp245,p90,6,110.74,24,427.24,30,17.932666666666666,1991-2020,cmip6_same_stat_same_scenario_mean_1991_2020,1991-2014,2015-2020
浙江,Zhejiang Sheng,CHN.147295930,ssp370,median,6,105.57,24,412.98,30,17.285,1991-2020,cmip6_same_stat_same_scenario_mean_1991_2020,1991-2014,2015-2020
浙江,Zhejiang Sheng,CHN.147295930,ssp370,p10,6,100.55,24,397.32,30,16.595666666666666,1991-2020,cmip6_same_stat_same_scenario_mean_1991_2020,1991-2014,2015-2020
浙江,Zhejiang Sheng,CHN.147295930,ssp370,p90,6,109.83,24,427.24,30,17.902333333333335,1991-2020,cmip6_same_stat_same_scenario_mean_1991_2020,1991-2014,2015-2020
浙江,Zhejiang Sheng,CHN.147295930,ssp585,median,6,106.97,24,412.98,30,17.331666666666667,1991-2020,cmip6_same_stat_same_scenario_mean_1991_2020,1991-2014,2015-2020
浙江,Zhejiang Sheng,CHN.147295930,ssp585,p10,6,102.18,24,397.32,30,16.65,1991-2020,cmip6_same_stat_same_scenario_mean_1991_2020,1991-2014,2015-2020
浙江,Zhejiang Sheng,CHN.147295930,ssp585,p90,6,111.59,24,427.24,30,17.961000000000002,1991-2020,cmip6_same_stat_same_scenario_mean_1991_2020,1991-2014,2015-2020
海南,Hainan Sheng,CHN.147295906,ssp119,median,6,148.54,24,584.9,30,24.447999999999997,1991-2020,cmip6_same_stat_same_scenario_mean_1991_2020,1991-2014,2015-2020
海南,Hainan Sheng,CHN.147295906,ssp119,p10,6,145.21,24,573.62,30,23.961000000000002,1991-2020,cmip6_same_stat_same_scenario_mean_1991_2020,1991-2014,2015-2020
海南,Hainan Sheng,CHN.147295906,ssp119,p90,6,152.04,24,594.72,30,24.892,1991-2020,cmip6_same_stat_same_scenario_mean_1991_2020,1991-2014,2015-2020
海南,Hainan Sheng,CHN.147295906,ssp126,median,6,148.94,24,584.9,30,24.461333333333332,1991-2020,cmip6_same_stat_same_scenario_mean_1991_2020,1991-2014,2015-2020
海南,Hainan Sheng,CHN.147295906,ssp126,p10,6,145.61,24,573.62,30,23.974333333333334,1991-2020,cmip6_same_stat_same_scenario_mean_1991_2020,1991-2014,2015-2020
海南,Hainan Sheng,CHN.147295906,ssp126,p90,6,152.57,24,594.72,30,24.909666666666666,1991-2020,cmip6_same_stat_same_scenario_mean_1991_2020,1991-2014,2015-2020
海南,Hainan Sheng,CHN.147295906,ssp245,median,6,148.37,24,584.9,30,24.442333333333334,1991-2020,cmip6_same_stat_same_scenario_mean_1991_2020,1991-2014,2015-2020
海南,Hainan Sheng,CHN.147295906,ssp245,p10,6,144.99,24,573.62,30,23.953666666666667,1991-2020,cmip6_same_stat_same_scenario_mean_1991_2020,1991-2014,2015-2020
海南,Hainan Sheng,CHN.147295906,ssp245,p90,6,152.26999999999998,24,594.72,30,24.89966666666667,1991-2020,cmip6_same_stat_same_scenario_mean_1991_2020,1991-2014,2015-2020
海南,Hainan Sheng,CHN.147295906,ssp370,median,6,148.25,24,584.9,30,24.438333333333333,1991-2020,cmip6_same_stat_same_scenario_mean_1991_2020,1991-2014,2015-2020
海南,Hainan Sheng,CHN.147295906,ssp370,p10,6,144.69,24,573.62,30,23.943666666666665,1991-2020,cmip6_same_stat_same_scenario_mean_1991_2020,1991-2014,2015-2020
海南,Hainan Sheng,CHN.147295906,ssp370,p90,6,151.87,24,594.72,30,24.886333333333333,1991-2020,cmip6_same_stat_same_scenario_mean_1991_2020,1991-2014,2015-2020
海南,Hainan Sheng,CHN.147295906,ssp585,median,6,149.03,24,584.9,30,24.464333333333332,1991-2020,cmip6_same_stat_same_scenario_mean_1991_2020,1991-2014,2015-2020
海南,Hainan Sheng,CHN.147295906,ssp585,p10,6,145.6,24,573.62,30,23.974,1991-2020,cmip6_same_stat_same_scenario_mean_1991_2020,1991-2014,2015-2020
海南,Hainan Sheng,CHN.147295906,ssp585,p90,6,152.32,24,594.72,30,24.901333333333334,1991-2020,cmip6_same_stat_same_scenario_mean_1991_2020,1991-2014,2015-2020
湖北,Hubei Sheng,CHN.147295911,ssp119,median,6,97.19,24,377.31,30,15.816666666666666,1991-2020,cmip6_same_stat_same_scenario_mean_1991_2020,1991-2014,2015-2020
湖北,Hubei Sheng,CHN.147295911,ssp119,p10,6,92.76,24,360.72,30,15.116000000000001,1991-2020,cmip6_same_stat_same_scenario_mean_1991_2020,1991-2014,2015-2020
湖北,Hubei Sheng,CHN.147295911,ssp119,p90,6,102.1,24,392.06,30,16.471999999999998,1991-2020,cmip6_same_stat_same_scenario_mean_1991_2020,1991-2014,2015-2020
湖北,Hubei Sheng,CHN.147295911,ssp126,median,6,97.4,24,377.31,30,15.823666666666668,1991-2020,cmip6_same_stat_same_scenario_mean_1991_2020,1991-2014,2015-2020
湖北,Hubei Sheng,CHN.147295911,ssp126,p10,6,93.42,24,360.72,30,15.138000000000002,1991-2020,cmip6_same_stat_same_scenario_mean_1991_2020,1991-2014,2015-2020
湖北,Hubei Sheng,CHN.147295911,ssp126,p90,6,102.25,24,392.06,30,16.477,1991-2020,cmip6_same_stat_same_scenario_mean_1991_2020,1991-2014,2015-2020
湖北,Hubei Sheng,CHN.147295911,ssp245,median,6,97.4,24,377.31,30,15.823666666666668,1991-2020,cmip6_same_stat_same_scenario_mean_1991_2020,1991-2014,2015-2020
湖北,Hubei Sheng,CHN.147295911,ssp245,p10,6,93.25,24,360.72,30,15.132333333333333,1991-2020,cmip6_same_stat_same_scenario_mean_1991_2020,1991-2014,2015-2020
湖北,Hubei Sheng,CHN.147295911,ssp245,p90,6,102.16,24,392.06,30,16.474,1991-2020,cmip6_same_stat_same_scenario_mean_1991_2020,1991-2014,2015-2020
湖北,Hubei Sheng,CHN.147295911,ssp370,median,6,96.60000000000001,24,377.31,30,15.797,1991-2020,cmip6_same_stat_same_scenario_mean_1991_2020,1991-2014,2015-2020
湖北,Hubei Sheng,CHN.147295911,ssp370,p10,6,91.41,24,360.72,30,15.071,1991-2020,cmip6_same_stat_same_scenario_mean_1991_2020,1991-2014,2015-2020
湖北,Hubei Sheng,CHN.147295911,ssp370,p90,6,101.61,24,392.06,30,16.455666666666666,1991-2020,cmip6_same_stat_same_scenario_mean_1991_2020,1991-2014,2015-2020
湖北,Hubei Sheng,CHN.147295911,ssp585,median,6,97.93,24,377.31,30,15.841333333333333,1991-2020,cmip6_same_stat_same_scenario_mean_1991_2020,1991-2014,2015-2020
湖北,Hubei Sheng,CHN.147295911,ssp585,p10,6,93.26,24,360.72,30,15.132666666666667,1991-2020,cmip6_same_stat_same_scenario_mean_1991_2020,1991-2014,2015-2020
湖北,Hubei Sheng,CHN.147295911,ssp585,p90,6,103.38,24,392.06,30,16.514666666666667,1991-2020,cmip6_same_stat_same_scenario_mean_1991_2020,1991-2014,2015-2020
湖南,Hunan Sheng,CHN.147295912,ssp119,median,6,107.78,24,419.29,30,17.569000000000003,1991-2020,cmip6_same_stat_same_scenario_mean_1991_2020,1991-2014,2015-2020
湖南,Hunan Sheng,CHN.147295912,ssp119,p10,6,103.02,24,402.64,30,16.85533333333333,1991-2020,cmip6_same_stat_same_scenario_mean_1991_2020,1991-2014,2015-2020
湖南,Hunan Sheng,CHN.147295912,ssp119,p90,6,112.53,24,433.98,30,18.217,1991-2020,cmip6_same_stat_same_scenario_mean_1991_2020,1991-2014,2015-2020
湖南,Hunan Sheng,CHN.147295912,ssp126,median,6,107.99,24,419.29,30,17.576,1991-2020,cmip6_same_stat_same_scenario_mean_1991_2020,1991-2014,2015-2020
湖南,Hunan Sheng,CHN.147295912,ssp126,p10,6,103.78999999999999,24,402.64,30,16.880999999999997,1991-2020,cmip6_same_stat_same_scenario_mean_1991_2020,1991-2014,2015-2020
湖南,Hunan Sheng,CHN.147295912,ssp126,p90,6,112.75999999999999,24,433.98,30,18.224666666666668,1991-2020,cmip6_same_stat_same_scenario_mean_1991_2020,1991-2014,2015-2020
湖南,Hunan Sheng,CHN.147295912,ssp245,median,6,107.89,24,419.29,30,17.57266666666667,1991-2020,cmip6_same_stat_same_scenario_mean_1991_2020,1991-2014,2015-2020
湖南,Hunan Sheng,CHN.147295912,ssp245,p10,6,103.43,24,402.64,30,16.869,1991-2020,cmip6_same_stat_same_scenario_mean_1991_2020,1991-2014,2015-2020
湖南,Hunan Sheng,CHN.147295912,ssp245,p90,6,112.73,24,433.98,30,18.223666666666666,1991-2020,cmip6_same_stat_same_scenario_mean_1991_2020,1991-2014,2015-2020
湖南,Hunan Sheng,CHN.147295912,ssp370,median,6,107.37,24,419.29,30,17.555333333333337,1991-2020,cmip6_same_stat_same_scenario_mean_1991_2020,1991-2014,2015-2020
湖南,Hunan Sheng,CHN.147295912,ssp370,p10,6,101.41,24,402.64,30,16.801666666666666,1991-2020,cmip6_same_stat_same_scenario_mean_1991_2020,1991-2014,2015-2020
湖南,Hunan Sheng,CHN.147295912,ssp370,p90,6,112.0,24,433.98,30,18.199333333333335,1991-2020,cmip6_same_stat_same_scenario_mean_1991_2020,1991-2014,2015-2020
湖南,Hunan Sheng,CHN.147295912,ssp585,median,6,108.42,24,419.29,30,17.590333333333334,1991-2020,cmip6_same_stat_same_scenario_mean_1991_2020,1991-2014,2015-2020
湖南,Hunan Sheng,CHN.147295912,ssp585,p10,6,103.73,24,402.64,30,16.879,1991-2020,cmip6_same_stat_same_scenario_mean_1991_2020,1991-2014,2015-2020
湖南,Hunan Sheng,CHN.147295912,ssp585,p90,6,113.62,24,433.98,30,18.253333333333334,1991-2020,cmip6_same_stat_same_scenario_mean_1991_2020,1991-2014,2015-2020
甘肃,Gansu Sheng,CHN.147295902,ssp119,median,6,38.63,24,139.1,30,5.924333333333333,1991-2020,cmip6_same_stat_same_scenario_mean_1991_2020,1991-2014,2015-2020
甘肃,Gansu Sheng,CHN.147295902,ssp119,p10,6,34.019999999999996,24,123.06,30,5.236,1991-2020,cmip6_same_stat_same_scenario_mean_1991_2020,1991-2014,2015-2020
甘肃,Gansu Sheng,CHN.147295902,ssp119,p90,6,42.97,24,153.19,30,6.538666666666667,1991-2020,cmip6_same_stat_same_scenario_mean_1991_2020,1991-2014,2015-2020
甘肃,Gansu Sheng,CHN.147295902,ssp126,median,6,38.55,24,139.1,30,5.921666666666666,1991-2020,cmip6_same_stat_same_scenario_mean_1991_2020,1991-2014,2015-2020
甘肃,Gansu Sheng,CHN.147295902,ssp126,p10,6,33.99,24,123.06,30,5.235,1991-2020,cmip6_same_stat_same_scenario_mean_1991_2020,1991-2014,2015-2020
甘肃,Gansu Sheng,CHN.147295902,ssp126,p90,6,43.04,24,153.19,30,6.5409999999999995,1991-2020,cmip6_same_stat_same_scenario_mean_1991_2020,1991-2014,2015-2020
甘肃,Gansu Sheng,CHN.147295902,ssp245,median,6,38.79,24,139.1,30,5.929666666666666,1991-2020,cmip6_same_stat_same_scenario_mean_1991_2020,1991-2014,2015-2020
甘肃,Gansu Sheng,CHN.147295902,ssp245,p10,6,34.269999999999996,24,123.06,30,5.244333333333333,1991-2020,cmip6_same_stat_same_scenario_mean_1991_2020,1991-2014,2015-2020
甘肃,Gansu Sheng,CHN.147295902,ssp245,p90,6,43.08,24,153.19,30,6.542333333333333,1991-2020,cmip6_same_stat_same_scenario_mean_1991_2020,1991-2014,2015-2020
甘肃,Gansu Sheng,CHN.147295902,ssp370,median,6,38.43,24,139.1,30,5.917666666666666,1991-2020,cmip6_same_stat_same_scenario_mean_1991_2020,1991-2014,2015-2020
甘肃,Gansu Sheng,CHN.147295902,ssp370,p10,6,33.53,24,123.06,30,5.219666666666667,1991-2020,cmip6_same_stat_same_scenario_mean_1991_2020,1991-2014,2015-2020
甘肃,Gansu Sheng,CHN.147295902,ssp370,p90,6,42.66,24,153.19,30,6.528333333333333,1991-2020,cmip6_same_stat_same_scenario_mean_1991_2020,1991-2014,2015-2020
甘肃,Gansu Sheng,CHN.147295902,ssp585,median,6,39.45,24,139.1,30,5.951666666666667,1991-2020,cmip6_same_stat_same_scenario_mean_1991_2020,1991-2014,2015-2020
甘肃,Gansu Sheng,CHN.147295902,ssp585,p10,6,34.480000000000004,24,123.06,30,5.251333333333334,1991-2020,cmip6_same_stat_same_scenario_mean_1991_2020,1991-2014,2015-2020
甘肃,Gansu Sheng,CHN.147295902,ssp585,p90,6,44.04,24,153.19,30,6.574333333333333,1991-2020,cmip6_same_stat_same_scenario_mean_1991_2020,1991-2014,2015-2020
福建,Fujian Sheng,CHN.147295901,ssp119,median,6,118.83,24,463.66,30,19.416333333333334,1991-2020,cmip6_same_stat_same_scenario_mean_1991_2020,1991-2014,2015-2020
福建,Fujian Sheng,CHN.147295901,ssp119,p10,6,114.17,24,448.07,30,18.741333333333333,1991-2020,cmip6_same_stat_same_scenario_mean_1991_2020,1991-2014,2015-2020
福建,Fujian Sheng,CHN.147295901,ssp119,p90,6,122.77,24,477.64,30,20.013666666666666,1991-2020,cmip6_same_stat_same_scenario_mean_1991_2020,1991-2014,2015-2020
福建,Fujian Sheng,CHN.147295901,ssp126,median,6,119.19,24,463.66,30,19.428333333333335,1991-2020,cmip6_same_stat_same_scenario_mean_1991_2020,1991-2014,2015-2020
福建,Fujian Sheng,CHN.147295901,ssp126,p10,6,114.62,24,448.07,30,18.756333333333334,1991-2020,cmip6_same_stat_same_scenario_mean_1991_2020,1991-2014,2015-2020
福建,Fujian Sheng,CHN.147295901,ssp126,p90,6,123.25,24,477.64,30,20.029666666666667,1991-2020,cmip6_same_stat_same_scenario_mean_1991_2020,1991-2014,2015-2020
福建,Fujian Sheng,CHN.147295901,ssp245,median,6,118.86,24,463.66,30,19.417333333333332,1991-2020,cmip6_same_stat_same_scenario_mean_1991_2020,1991-2014,2015-2020
福建,Fujian Sheng,CHN.147295901,ssp245,p10,6,114.18,24,448.07,30,18.741666666666667,1991-2020,cmip6_same_stat_same_scenario_mean_1991_2020,1991-2014,2015-2020
福建,Fujian Sheng,CHN.147295901,ssp245,p90,6,123.03,24,477.64,30,20.022333333333332,1991-2020,cmip6_same_stat_same_scenario_mean_1991_2020,1991-2014,2015-2020
福建,Fujian Sheng,CHN.147295901,ssp370,median,6,118.39,24,463.66,30,19.401666666666667,1991-2020,cmip6_same_stat_same_scenario_mean_1991_2020,1991-2014,2015-2020
福建,Fujian Sheng,CHN.147295901,ssp370,p10,6,113.32000000000001,24,448.07,30,18.713,1991-2020,cmip6_same_stat_same_scenario_mean_1991_2020,1991-2014,2015-2020
福建,Fujian Sheng,CHN.147295901,ssp370,p90,6,122.35,24,477.64,30,19.999666666666666,1991-2020,cmip6_same_stat_same_scenario_mean_1991_2020,1991-2014,2015-2020
福建,Fujian Sheng,CHN.147295901,ssp585,median,6,119.42999999999999,24,463.66,30,19.436333333333334,1991-2020,cmip6_same_stat_same_scenario_mean_1991_2020,1991-2014,2015-2020
福建,Fujian Sheng,CHN.147295901,ssp585,p10,6,114.71000000000001,24,448.07,30,18.759333333333334,1991-2020,cmip6_same_stat_same_scenario_mean_1991_2020,1991-2014,2015-2020
福建,Fujian Sheng,CHN.147295901,ssp585,p90,6,123.36,24,477.64,30,20.033333333333335,1991-2020,cmip6_same_stat_same_scenario_mean_1991_2020,1991-2014,2015-2020
西藏,Xizang Zizhiqu,CHN.147295928,ssp119,median,6,-20.6,24,-95.66,30,-3.875333333333333,1991-2020,cmip6_same_stat_same_scenario_mean_1991_2020,1991-2014,2015-2020
西藏,Xizang Zizhiqu,CHN.147295928,ssp119,p10,6,-25.91,24,-114.36,30,-4.675666666666667,1991-2020,cmip6_same_stat_same_scenario_mean_1991_2020,1991-2014,2015-2020
西藏,Xizang Zizhiqu,CHN.147295928,ssp119,p90,6,-15.43,24,-80.18,30,-3.1870000000000003,1991-2020,cmip6_same_stat_same_scenario_mean_1991_2020,1991-2014,2015-2020
西藏,Xizang Zizhiqu,CHN.147295928,ssp126,median,6,-20.47,24,-95.66,30,-3.871,1991-2020,cmip6_same_stat_same_scenario_mean_1991_2020,1991-2014,2015-2020
西藏,Xizang Zizhiqu,CHN.147295928,ssp126,p10,6,-25.229999999999997,24,-114.36,30,-4.6530000000000005,1991-2020,cmip6_same_stat_same_scenario_mean_1991_2020,1991-2014,2015-2020
西藏,Xizang Zizhiqu,CHN.147295928,ssp126,p90,6,-14.98,24,-80.18,30,-3.172,1991-2020,cmip6_same_stat_same_scenario_mean_1991_2020,1991-2014,2015-2020
西藏,Xizang Zizhiqu,CHN.147295928,ssp245,median,6,-20.71,24,-95.66,30,-3.879,1991-2020,cmip6_same_stat_same_scenario_mean_1991_2020,1991-2014,2015-2020
西藏,Xizang Zizhiqu,CHN.147295928,ssp245,p10,6,-26.13,24,-114.36,30,-4.683000000000001,1991-2020,cmip6_same_stat_same_scenario_mean_1991_2020,1991-2014,2015-2020
西藏,Xizang Zizhiqu,CHN.147295928,ssp245,p90,6,-15.76,24,-80.18,30,-3.1980000000000004,1991-2020,cmip6_same_stat_same_scenario_mean_1991_2020,1991-2014,2015-2020
西藏,Xizang Zizhiqu,CHN.147295928,ssp370,median,6,-20.86,24,-95.66,30,-3.884,1991-2020,cmip6_same_stat_same_scenario_mean_1991_2020,1991-2014,2015-2020
西藏,Xizang Zizhiqu,CHN.147295928,ssp370,p10,6,-26.68,24,-114.36,30,-4.701333333333333,1991-2020,cmip6_same_stat_same_scenario_mean_1991_2020,1991-2014,2015-2020
西藏,Xizang Zizhiqu,CHN.147295928,ssp370,p90,6,-15.39,24,-80.18,30,-3.185666666666667,1991-2020,cmip6_same_stat_same_scenario_mean_1991_2020,1991-2014,2015-2020
西藏,Xizang Zizhiqu,CHN.147295928,ssp585,median,6,-19.759999999999998,24,-95.66,30,-3.847333333333333,1991-2020,cmip6_same_stat_same_scenario_mean_1991_2020,1991-2014,2015-2020
西藏,Xizang Zizhiqu,CHN.147295928,ssp585,p10,6,-25.4,24,-114.36,30,-4.658666666666666,1991-2020,cmip6_same_stat_same_scenario_mean_1991_2020,1991-2014,2015-2020
西藏,Xizang Zizhiqu,CHN.147295928,ssp585,p90,6,-14.58,24,-80.18,30,-3.158666666666667,1991-2020,cmip6_same_stat_same_scenario_mean_1991_2020,1991-2014,2015-2020
贵州,Guizhou Sheng,CHN.147295905,ssp119,median,6,97.07,24,376.32,30,15.779666666666666,1991-2020,cmip6_same_stat_same_scenario_mean_1991_2020,1991-2014,2015-2020
贵州,Guizhou Sheng,CHN.147295905,ssp119,p10,6,92.14,24,360.52,30,15.088666666666665,1991-2020,cmip6_same_stat_same_scenario_mean_1991_2020,1991-2014,2015-2020
贵州,Guizhou Sheng,CHN.147295905,ssp119,p90,6,101.43,24,390.36,30,16.393,1991-2020,cmip6_same_stat_same_scenario_mean_1991_2020,1991-2014,2015-2020
贵州,Guizhou Sheng,CHN.147295905,ssp126,median,6,97.1,24,376.32,30,15.780666666666665,1991-2020,cmip6_same_stat_same_scenario_mean_1991_2020,1991-2014,2015-2020
贵州,Guizhou Sheng,CHN.147295905,ssp126,p10,6,92.65,24,360.52,30,15.105666666666666,1991-2020,cmip6_same_stat_same_scenario_mean_1991_2020,1991-2014,2015-2020
贵州,Guizhou Sheng,CHN.147295905,ssp126,p90,6,101.72999999999999,24,390.36,30,16.403000000000002,1991-2020,cmip6_same_stat_same_scenario_mean_1991_2020,1991-2014,2015-2020
贵州,Guizhou Sheng,CHN.147295905,ssp245,median,6,97.14,24,376.32,30,15.782,1991-2020,cmip6_same_stat_same_scenario_mean_1991_2020,1991-2014,2015-2020
贵州,Guizhou Sheng,CHN.147295905,ssp245,p10,6,92.31,24,360.52,30,15.094333333333333,1991-2020,cmip6_same_stat_same_scenario_mean_1991_2020,1991-2014,2015-2020
贵州,Guizhou Sheng,CHN.147295905,ssp245,p90,6,101.58,24,390.36,30,16.398,1991-2020,cmip6_same_stat_same_scenario_mean_1991_2020,1991-2014,2015-2020
贵州,Guizhou Sheng,CHN.147295905,ssp370,median,6,96.94,24,376.32,30,15.775333333333332,1991-2020,cmip6_same_stat_same_scenario_mean_1991_2020,1991-2014,2015-2020
贵州,Guizhou Sheng,CHN.147295905,ssp370,p10,6,91.06,24,360.52,30,15.052666666666665,1991-2020,cmip6_same_stat_same_scenario_mean_1991_2020,1991-2014,2015-2020
贵州,Guizhou Sheng,CHN.147295905,ssp370,p90,6,101.11,24,390.36,30,16.382333333333335,1991-2020,cmip6_same_stat_same_scenario_mean_1991_2020,1991-2014,2015-2020
贵州,Guizhou Sheng,CHN.147295905,ssp585,median,6,97.67999999999999,24,376.32,30,15.8,1991-2020,cmip6_same_stat_same_scenario_mean_1991_2020,1991-2014,2015-2020
贵州,Guizhou Sheng,CHN.147295905,ssp585,p10,6,92.61,24,360.52,30,15.104333333333333,1991-2020,cmip6_same_stat_same_scenario_mean_1991_2020,1991-2014,2015-2020
贵州,Guizhou Sheng,CHN.147295905,ssp585,p90,6,102.24000000000001,24,390.36,30,16.42,1991-2020,cmip6_same_stat_same_scenario_mean_1991_2020,1991-2014,2015-2020
辽宁,Liaoning Sheng,CHN.147295916,ssp119,median,6,55.03,24,205.32,30,8.678333333333335,1991-2020,cmip6_same_stat_same_scenario_mean_1991_2020,1991-2014,2015-2020
辽宁,Liaoning Sheng,CHN.147295916,ssp119,p10,6,49.13,24,183.97,30,7.77,1991-2020,cmip6_same_stat_same_scenario_mean_1991_2020,1991-2014,2015-2020
辽宁,Liaoning Sheng,CHN.147295916,ssp119,p90,6,60.2,24,223.10999999999999,30,9.443666666666667,1991-2020,cmip6_same_stat_same_scenario_mean_1991_2020,1991-2014,2015-2020
辽宁,Liaoning Sheng,CHN.147295916,ssp126,median,6,55.24,24,205.32,30,8.685333333333334,1991-2020,cmip6_same_stat_same_scenario_mean_1991_2020,1991-2014,2015-2020
辽宁,Liaoning Sheng,CHN.147295916,ssp126,p10,6,49.34,24,183.97,30,7.777,1991-2020,cmip6_same_stat_same_scenario_mean_1991_2020,1991-2014,2015-2020
辽宁,Liaoning Sheng,CHN.147295916,ssp126,p90,6,60.57,24,223.10999999999999,30,9.456,1991-2020,cmip6_same_stat_same_scenario_mean_1991_2020,1991-2014,2015-2020
辽宁,Liaoning Sheng,CHN.147295916,ssp245,median,6,55.300000000000004,24,205.32,30,8.687333333333333,1991-2020,cmip6_same_stat_same_scenario_mean_1991_2020,1991-2014,2015-2020
辽宁,Liaoning Sheng,CHN.147295916,ssp245,p10,6,50.08,24,183.97,30,7.801666666666667,1991-2020,cmip6_same_stat_same_scenario_mean_1991_2020,1991-2014,2015-2020
辽宁,Liaoning Sheng,CHN.147295916,ssp245,p90,6,59.72,24,223.10999999999999,30,9.427666666666665,1991-2020,cmip6_same_stat_same_scenario_mean_1991_2020,1991-2014,2015-2020
辽宁,Liaoning Sheng,CHN.147295916,ssp370,median,6,54.35,24,205.32,30,8.655666666666667,1991-2020,cmip6_same_stat_same_scenario_mean_1991_2020,1991-2014,2015-2020
辽宁,Liaoning Sheng,CHN.147295916,ssp370,p10,6,48.3,24,183.97,30,7.742333333333333,1991-2020,cmip6_same_stat_same_scenario_mean_1991_2020,1991-2014,2015-2020
辽宁,Liaoning Sheng,CHN.147295916,ssp370,p90,6,60.269999999999996,24,223.10999999999999,30,9.446,1991-2020,cmip6_same_stat_same_scenario_mean_1991_2020,1991-2014,2015-2020
辽宁,Liaoning Sheng,CHN.147295916,ssp585,median,6,56.010000000000005,24,205.32,30,8.711,1991-2020,cmip6_same_stat_same_scenario_mean_1991_2020,1991-2014,2015-2020
辽宁,Liaoning Sheng,CHN.147295916,ssp585,p10,6,48.9,24,183.97,30,7.762333333333333,1991-2020,cmip6_same_stat_same_scenario_mean_1991_2020,1991-2014,2015-2020
辽宁,Liaoning Sheng,CHN.147295916,ssp585,p90,6,61.379999999999995,24,223.10999999999999,30,9.483,1991-2020,cmip6_same_stat_same_scenario_mean_1991_2020,1991-2014,2015-2020
重庆,Chongqing Shi,CHN.147295900,ssp119,median,6,99.98,24,387.37,30,16.245,1991-2020,cmip6_same_stat_same_scenario_mean_1991_2020,1991-2014,2015-2020
重庆,Chongqing Shi,CHN.147295900,ssp119,p10,6,95.73,24,373.46,30,15.639666666666667,1991-2020,cmip6_same_stat_same_scenario_mean_1991_2020,1991-2014,2015-2020
重庆,Chongqing Shi,CHN.147295900,ssp119,p90,6,104.41,24,400.41,30,16.827333333333335,1991-2020,cmip6_same_stat_same_scenario_mean_1991_2020,1991-2014,2015-2020
重庆,Chongqing Shi,CHN.147295900,ssp126,median,6,100.08,24,387.37,30,16.24833333333333,1991-2020,cmip6_same_stat_same_scenario_mean_1991_2020,1991-2014,2015-2020
重庆,Chongqing Shi,CHN.147295900,ssp126,p10,6,96.34,24,373.46,30,15.659999999999998,1991-2020,cmip6_same_stat_same_scenario_mean_1991_2020,1991-2014,2015-2020
重庆,Chongqing Shi,CHN.147295900,ssp126,p90,6,104.57,24,400.41,30,16.832666666666668,1991-2020,cmip6_same_stat_same_scenario_mean_1991_2020,1991-2014,2015-2020
重庆,Chongqing Shi,CHN.147295900,ssp245,median,6,100.17,24,387.37,30,16.251333333333335,1991-2020,cmip6_same_stat_same_scenario_mean_1991_2020,1991-2014,2015-2020
重庆,Chongqing Shi,CHN.147295900,ssp245,p10,6,96.07000000000001,24,373.46,30,15.651,1991-2020,cmip6_same_stat_same_scenario_mean_1991_2020,1991-2014,2015-2020
重庆,Chongqing Shi,CHN.147295900,ssp245,p90,6,104.61,24,400.41,30,16.834,1991-2020,cmip6_same_stat_same_scenario_mean_1991_2020,1991-2014,2015-2020
重庆,Chongqing Shi,CHN.147295900,ssp370,median,6,99.63,24,387.37,30,16.233333333333334,1991-2020,cmip6_same_stat_same_scenario_mean_1991_2020,1991-2014,2015-2020
重庆,Chongqing Shi,CHN.147295900,ssp370,p10,6,94.53,24,373.46,30,15.599666666666668,1991-2020,cmip6_same_stat_same_scenario_mean_1991_2020,1991-2014,2015-2020
重庆,Chongqing Shi,CHN.147295900,ssp370,p90,6,103.97,24,400.41,30,16.812666666666665,1991-2020,cmip6_same_stat_same_scenario_mean_1991_2020,1991-2014,2015-2020
重庆,Chongqing Shi,CHN.147295900,ssp585,median,6,100.69,24,387.37,30,16.268666666666668,1991-2020,cmip6_same_stat_same_scenario_mean_1991_2020,1991-2014,2015-2020
重庆,Chongqing Shi,CHN.147295900,ssp585,p10,6,96.3,24,373.46,30,15.658666666666667,1991-2020,cmip6_same_stat_same_scenario_mean_1991_2020,1991-2014,2015-2020
重庆,Chongqing Shi,CHN.147295900,ssp585,p90,6,105.5,24,400.41,30,16.863666666666667,1991-2020,cmip6_same_stat_same_scenario_mean_1991_2020,1991-2014,2015-2020
陕西,Shaanxi Sheng,CHN.147295920,ssp119,median,6,70.59,24,268.34,30,11.297666666666665,1991-2020,cmip6_same_stat_same_scenario_mean_1991_2020,1991-2014,2015-2020
陕西,Shaanxi Sheng,CHN.147295920,ssp119,p10,6,65.77,24,250.67,30,10.548,1991-2020,cmip6_same_stat_same_scenario_mean_1991_2020,1991-2014,2015-2020
陕西,Shaanxi Sheng,CHN.147295920,ssp119,p90,6,75.3,24,283.37,30,11.955666666666668,1991-2020,cmip6_same_stat_same_scenario_mean_1991_2020,1991-2014,2015-2020
陕西,Shaanxi Sheng,CHN.147295920,ssp126,median,6,70.79,24,268.34,30,11.304333333333334,1991-2020,cmip6_same_stat_same_scenario_mean_1991_2020,1991-2014,2015-2020
陕西,Shaanxi Sheng,CHN.147295920,ssp126,p10,6,66.15,24,250.67,30,10.560666666666666,1991-2020,cmip6_same_stat_same_scenario_mean_1991_2020,1991-2014,2015-2020
陕西,Shaanxi Sheng,CHN.147295920,ssp126,p90,6,75.64,24,283.37,30,11.967,1991-2020,cmip6_same_stat_same_scenario_mean_1991_2020,1991-2014,2015-2020
陕西,Shaanxi Sheng,CHN.147295920,ssp245,median,6,70.88,24,268.34,30,11.307333333333332,1991-2020,cmip6_same_stat_same_scenario_mean_1991_2020,1991-2014,2015-2020
陕西,Shaanxi Sheng,CHN.147295920,ssp245,p10,6,66.09,24,250.67,30,10.558666666666666,1991-2020,cmip6_same_stat_same_scenario_mean_1991_2020,1991-2014,2015-2020
陕西,Shaanxi Sheng,CHN.147295920,ssp245,p90,6,75.33,24,283.37,30,11.956666666666667,1991-2020,cmip6_same_stat_same_scenario_mean_1991_2020,1991-2014,2015-2020
陕西,Shaanxi Sheng,CHN.147295920,ssp370,median,6,69.89,24,268.34,30,11.274333333333333,1991-2020,cmip6_same_stat_same_scenario_mean_1991_2020,1991-2014,2015-2020
陕西,Shaanxi Sheng,CHN.147295920,ssp370,p10,6,65.06,24,250.67,30,10.524333333333335,1991-2020,cmip6_same_stat_same_scenario_mean_1991_2020,1991-2014,2015-2020
陕西,Shaanxi Sheng,CHN.147295920,ssp370,p90,6,75.0,24,283.37,30,11.945666666666666,1991-2020,cmip6_same_stat_same_scenario_mean_1991_2020,1991-2014,2015-2020
陕西,Shaanxi Sheng,CHN.147295920,ssp585,median,6,71.5,24,268.34,30,11.328,1991-2020,cmip6_same_stat_same_scenario_mean_1991_2020,1991-2014,2015-2020
陕西,Shaanxi Sheng,CHN.147295920,ssp585,p10,6,66.07,24,250.67,30,10.558,1991-2020,cmip6_same_stat_same_scenario_mean_1991_2020,1991-2014,2015-2020
陕西,Shaanxi Sheng,CHN.147295920,ssp585,p90,6,76.31,24,283.37,30,11.989333333333333,1991-2020,cmip6_same_stat_same_scenario_mean_1991_2020,1991-2014,2015-2020
青海,Qinghai Sheng,CHN.147295919,ssp119,median,6,-14.46,24,-72.0,30,-2.882,1991-2020,cmip6_same_stat_same_scenario_mean_1991_2020,1991-2014,2015-2020
青海,Qinghai Sheng,CHN.147295919,ssp119,p10,6,-19.32,24,-89.12,30,-3.6146666666666665,1991-2020,cmip6_same_stat_same_scenario_mean_1991_2020,1991-2014,2015-2020
青海,Qinghai Sheng,CHN.147295919,ssp119,p90,6,-10.14,24,-58.089999999999996,30,-2.274333333333333,1991-2020,cmip6_same_stat_same_scenario_mean_1991_2020,1991-2014,2015-2020
青海,Qinghai Sheng,CHN.147295919,ssp126,median,6,-14.57,24,-72.0,30,-2.8856666666666664,1991-2020,cmip6_same_stat_same_scenario_mean_1991_2020,1991-2014,2015-2020
青海,Qinghai Sheng,CHN.147295919,ssp126,p10,6,-19.009999999999998,24,-89.12,30,-3.6043333333333334,1991-2020,cmip6_same_stat_same_scenario_mean_1991_2020,1991-2014,2015-2020
青海,Qinghai Sheng,CHN.147295919,ssp126,p90,6,-9.61,24,-58.089999999999996,30,-2.2566666666666664,1991-2020,cmip6_same_stat_same_scenario_mean_1991_2020,1991-2014,2015-2020
青海,Qinghai Sheng,CHN.147295919,ssp245,median,6,-14.379999999999999,24,-72.0,30,-2.8793333333333333,1991-2020,cmip6_same_stat_same_scenario_mean_1991_2020,1991-2014,2015-2020
青海,Qinghai Sheng,CHN.147295919,ssp245,p10,6,-19.36,24,-89.12,30,-3.616,1991-2020,cmip6_same_stat_same_scenario_mean_1991_2020,1991-2014,2015-2020
青海,Qinghai Sheng,CHN.147295919,ssp245,p90,6,-10.34,24,-58.089999999999996,30,-2.2809999999999997,1991-2020,cmip6_same_stat_same_scenario_mean_1991_2020,1991-2014,2015-2020
青海,Qinghai Sheng,CHN.147295919,ssp370,median,6,-14.65,24,-72.0,30,-2.8883333333333336,1991-2020,cmip6_same_stat_same_scenario_mean_1991_2020,1991-2014,2015-2020
青海,Qinghai Sheng,CHN.147295919,ssp370,p10,6,-20.18,24,-89.12,30,-3.6433333333333335,1991-2020,cmip6_same_stat_same_scenario_mean_1991_2020,1991-2014,2015-2020
青海,Qinghai Sheng,CHN.147295919,ssp370,p90,6,-10.24,24,-58.089999999999996,30,-2.2776666666666667,1991-2020,cmip6_same_stat_same_scenario_mean_1991_2020,1991-2014,2015-2020
青海,Qinghai Sheng,CHN.147295919,ssp585,median,6,-13.629999999999999,24,-72.0,30,-2.8543333333333334,1991-2020,cmip6_same_stat_same_scenario_mean_1991_2020,1991-2014,2015-2020
青海,Qinghai Sheng,CHN.147295919,ssp585,p10,6,-18.53,24,-89.12,30,-3.5883333333333334,1991-2020,cmip6_same_stat_same_scenario_mean_1991_2020,1991-2014,2015-2020
青海,Qinghai Sheng,CHN.147295919,ssp585,p90,6,-9.32,24,-58.089999999999996,30,-2.247,1991-2020,cmip6_same_stat_same_scenario_mean_1991_2020,1991-2014,2015-2020
黑龙江,Heilongjiang Sheng,CHN.147295908,ssp119,median,6,18.09,24,55.85,30,2.4646666666666666,1991-2020,cmip6_same_stat_same_scenario_mean_1991_2020,1991-2014,2015-2020
黑龙江,Heilongjiang Sheng,CHN.147295908,ssp119,p10,6,10.84,24,31.0,30,1.3946666666666667,1991-2020,cmip6_same_stat_same_scenario_mean_1991_2020,1991-2014,2015-2020
黑龙江,Heilongjiang Sheng,CHN.147295908,ssp119,p90,6,23.95,24,78.42,30,3.4123333333333337,1991-2020,cmip6_same_stat_same_scenario_mean_1991_2020,1991-2014,2015-2020
黑龙江,Heilongjiang Sheng,CHN.147295908,ssp126,median,6,18.1,24,55.85,30,2.4650000000000003,1991-2020,cmip6_same_stat_same_scenario_mean_1991_2020,1991-2014,2015-2020
黑龙江,Heilongjiang Sheng,CHN.147295908,ssp126,p10,6,11.27,24,31.0,30,1.4089999999999998,1991-2020,cmip6_same_stat_same_scenario_mean_1991_2020,1991-2014,2015-2020
黑龙江,Heilongjiang Sheng,CHN.147295908,ssp126,p90,6,24.53,24,78.42,30,3.4316666666666666,1991-2020,cmip6_same_stat_same_scenario_mean_1991_2020,1991-2014,2015-2020
黑龙江,Heilongjiang Sheng,CHN.147295908,ssp245,median,6,18.17,24,55.85,30,2.467333333333334,1991-2020,cmip6_same_stat_same_scenario_mean_1991_2020,1991-2014,2015-2020
黑龙江,Heilongjiang Sheng,CHN.147295908,ssp245,p10,6,11.39,24,31.0,30,1.413,1991-2020,cmip6_same_stat_same_scenario_mean_1991_2020,1991-2014,2015-2020
黑龙江,Heilongjiang Sheng,CHN.147295908,ssp245,p90,6,23.330000000000002,24,78.42,30,3.3916666666666666,1991-2020,cmip6_same_stat_same_scenario_mean_1991_2020,1991-2014,2015-2020
黑龙江,Heilongjiang Sheng,CHN.147295908,ssp370,median,6,17.46,24,55.85,30,2.4436666666666667,1991-2020,cmip6_same_stat_same_scenario_mean_1991_2020,1991-2014,2015-2020
黑龙江,Heilongjiang Sheng,CHN.147295908,ssp370,p10,6,10.280000000000001,24,31.0,30,1.3760000000000001,1991-2020,cmip6_same_stat_same_scenario_mean_1991_2020,1991-2014,2015-2020
黑龙江,Heilongjiang Sheng,CHN.147295908,ssp370,p90,6,24.4,24,78.42,30,3.427333333333333,1991-2020,cmip6_same_stat_same_scenario_mean_1991_2020,1991-2014,2015-2020
黑龙江,Heilongjiang Sheng,CHN.147295908,ssp585,median,6,19.44,24,55.85,30,2.509666666666667,1991-2020,cmip6_same_stat_same_scenario_mean_1991_2020,1991-2014,2015-2020
黑龙江,Heilongjiang Sheng,CHN.147295908,ssp585,p10,6,10.44,24,31.0,30,1.3813333333333333,1991-2020,cmip6_same_stat_same_scenario_mean_1991_2020,1991-2014,2015-2020
黑龙江,Heilongjiang Sheng,CHN.147295908,ssp585,p90,6,24.669999999999998,24,78.42,30,3.4363333333333332,1991-2020,cmip6_same_stat_same_scenario_mean_1991_2020,1991-2014,2015-2020
