Province,scenario,statistic,overlap_n,rx1day_history_mean,rx1day_external_mean,additive_bias
上海,ssp119,median,9,96.20411082111112,58.559999999999995,37.64411082111111
上海,ssp119,p10,9,96.20411082111112,39.37,56.83411082111112
上海,ssp119,p90,9,96.20411082111112,85.00666666666666,11.197444154444446
上海,ssp126,median,9,96.20411082111112,58.02777777777778,38.17633304333334
上海,ssp126,p10,9,96.20411082111112,41.12444444444444,55.079666376666665
上海,ssp126,p90,9,96.20411082111112,84.98777777777778,11.216333043333332
上海,ssp245,median,9,96.20411082111112,59.239999999999995,36.96411082111111
上海,ssp245,p10,9,96.20411082111112,40.35333333333333,55.850777487777776
上海,ssp245,p90,9,96.20411082111112,85.64333333333333,10.56077748777778
上海,ssp370,median,9,96.20411082111112,58.47222222222222,37.731888598888894
上海,ssp370,p10,9,96.20411082111112,37.59222222222222,58.611888598888896
上海,ssp370,p90,9,96.20411082111112,86.59222222222223,9.61188859888889
上海,ssp585,median,9,96.20411082111112,60.37111111111111,35.832999709999996
上海,ssp585,p10,9,96.20411082111112,38.888888888888886,57.31522193222223
上海,ssp585,p90,9,96.20411082111112,87.11555555555555,9.08855526555556
云南,ssp119,median,9,26.327923396666666,37.79666666666667,-11.468743270000003
云南,ssp119,p10,9,26.327923396666666,27.19666666666667,-0.8687432700000011
云南,ssp119,p90,9,26.327923396666666,53.65555555555555,-27.32763215888889
云南,ssp126,median,9,26.327923396666666,37.85666666666667,-11.528743270000001
云南,ssp126,p10,9,26.327923396666666,27.516666666666666,-1.1887432700000007
云南,ssp126,p90,9,26.327923396666666,53.48888888888889,-27.16096549222222
云南,ssp245,median,9,26.327923396666666,37.69111111111111,-11.363187714444445
云南,ssp245,p10,9,26.327923396666666,27.775555555555556,-1.4476321588888896
云南,ssp245,p90,9,26.327923396666666,52.61666666666667,-26.28874327
云南,ssp370,median,9,26.327923396666666,37.59888888888889,-11.270965492222224
云南,ssp370,p10,9,26.327923396666666,26.374444444444446,-0.04652104777777824
云南,ssp370,p90,9,26.327923396666666,55.37888888888889,-29.050965492222222
云南,ssp585,median,9,26.327923396666666,38.81666666666667,-12.48874327
云南,ssp585,p10,9,26.327923396666666,27.59888888888889,-1.2709654922222233
云南,ssp585,p90,9,26.327923396666666,54.50888888888889,-28.180965492222224
内蒙古,ssp119,median,9,10.682553121888889,25.22888888888889,-14.546335766999997
内蒙古,ssp119,p10,9,10.682553121888889,15.746666666666666,-5.064113544777778
内蒙古,ssp119,p90,9,10.682553121888889,39.95333333333333,-29.270780211444446
内蒙古,ssp126,median,9,10.682553121888889,25.55333333333333,-14.870780211444444
内蒙古,ssp126,p10,9,10.682553121888889,16.13,-5.447446878111111
内蒙古,ssp126,p90,9,10.682553121888889,40.266666666666666,-29.58411354477778
内蒙古,ssp245,median,9,10.682553121888889,24.954444444444444,-14.271891322555556
内蒙古,ssp245,p10,9,10.682553121888889,15.76222222222222,-5.079669100333333
内蒙古,ssp245,p90,9,10.682553121888889,39.47555555555555,-28.79300243366667
内蒙古,ssp370,median,9,10.682553121888889,25.415555555555557,-14.733002433666668
内蒙古,ssp370,p10,9,10.682553121888889,15.215555555555556,-4.533002433666667
内蒙古,ssp370,p90,9,10.682553121888889,41.70666666666667,-31.024113544777776
内蒙古,ssp585,median,9,10.682553121888889,26.32888888888889,-15.646335767000002
内蒙古,ssp585,p10,9,10.682553121888889,16.37777777777778,-5.695224655888889
内蒙古,ssp585,p90,9,10.682553121888889,41.196666666666665,-30.51411354477778
北京,ssp119,median,9,75.47652234888889,51.121111111111105,24.35541123777778
北京,ssp119,p10,9,75.47652234888889,31.047777777777778,44.42874457111111
北京,ssp119,p90,9,75.47652234888889,83.93222222222222,-8.455699873333336
北京,ssp126,median,9,75.47652234888889,51.876666666666665,23.599855682222223
北京,ssp126,p10,9,75.47652234888889,32.60111111111111,42.87541123777778
北京,ssp126,p90,9,75.47652234888889,90.28,-14.803477651111113
北京,ssp245,median,9,75.47652234888889,49.38333333333333,26.093189015555556
北京,ssp245,p10,9,75.47652234888889,31.483333333333334,43.99318901555555
北京,ssp245,p90,9,75.47652234888889,83.22333333333333,-7.746810984444441
北京,ssp370,median,9,75.47652234888889,52.580000000000005,22.89652234888889
北京,ssp370,p10,9,75.47652234888889,29.529999999999998,45.94652234888889
北京,ssp370,p90,9,75.47652234888889,87.72333333333333,-12.246810984444444
北京,ssp585,median,9,75.47652234888889,54.056666666666665,21.419855682222227
北京,ssp585,p10,9,75.47652234888889,32.172222222222224,43.30430012666667
北京,ssp585,p90,9,75.47652234888889,81.58222222222223,-6.105699873333332
吉林,ssp119,median,9,35.06657724777777,40.73,-5.663422752222222
吉林,ssp119,p10,9,35.06657724777777,27.305555555555557,7.761021692222223
吉林,ssp119,p90,9,35.06657724777777,61.15555555555555,-26.088978307777776
吉林,ssp126,median,9,35.06657724777777,41.52,-6.453422752222221
吉林,ssp126,p10,9,35.06657724777777,28.290000000000003,6.776577247777778
吉林,ssp126,p90,9,35.06657724777777,62.25,-27.183422752222224
吉林,ssp245,median,9,35.06657724777777,41.24111111111111,-6.174533863333332
吉林,ssp245,p10,9,35.06657724777777,28.114444444444445,6.952132803333335
吉林,ssp245,p90,9,35.06657724777777,60.74666666666667,-25.68008941888889
吉林,ssp370,median,9,35.06657724777777,40.224444444444444,-5.1578671966666665
吉林,ssp370,p10,9,35.06657724777777,25.993333333333332,9.073243914444445
吉林,ssp370,p90,9,35.06657724777777,63.20777777777778,-28.14120053
吉林,ssp585,median,9,35.06657724777777,42.037777777777784,-6.971200530000001
吉林,ssp585,p10,9,35.06657724777777,27.790000000000003,7.276577247777778
吉林,ssp585,p90,9,35.06657724777777,62.45666666666667,-27.390089418888888
四川,ssp119,median,9,20.36301071777778,33.69111111111111,-13.328100393333335
四川,ssp119,p10,9,20.36301071777778,23.99111111111111,-3.628100393333333
四川,ssp119,p90,9,20.36301071777778,47.77,-27.406989282222224
四川,ssp126,median,9,20.36301071777778,33.99333333333333,-13.630322615555555
四川,ssp126,p10,9,20.36301071777778,24.33888888888889,-3.9758781711111117
四川,ssp126,p90,9,20.36301071777778,48.708888888888886,-28.34587817111111
四川,ssp245,median,9,20.36301071777778,33.882222222222225,-13.519211504444444
四川,ssp245,p10,9,20.36301071777778,24.804444444444442,-4.4414337266666655
四川,ssp245,p90,9,20.36301071777778,47.47222222222222,-27.109211504444445
四川,ssp370,median,9,20.36301071777778,34.21111111111111,-13.848100393333333
四川,ssp370,p10,9,20.36301071777778,23.502222222222223,-3.139211504444445
四川,ssp370,p90,9,20.36301071777778,49.69777777777777,-29.334767059999997
四川,ssp585,median,9,20.36301071777778,34.44555555555556,-14.082544837777778
四川,ssp585,p10,9,20.36301071777778,24.38,-4.016989282222222
四川,ssp585,p90,9,20.36301071777778,48.15111111111111,-27.788100393333334
天津,ssp119,median,9,73.60385309888889,52.98888888888889,20.614964209999997
天津,ssp119,p10,9,73.60385309888889,32.803333333333335,40.800519765555556
天津,ssp119,p90,9,73.60385309888889,83.99,-10.386146901111111
天津,ssp126,median,9,73.60385309888889,54.83222222222222,18.771630876666663
天津,ssp126,p10,9,73.60385309888889,33.404444444444444,40.19940865444445
天津,ssp126,p90,9,73.60385309888889,90.82444444444444,-17.220591345555558
天津,ssp245,median,9,73.60385309888889,51.86333333333333,21.740519765555558
天津,ssp245,p10,9,73.60385309888889,32.89111111111111,40.712741987777775
天津,ssp245,p90,9,73.60385309888889,79.96333333333332,-6.359480234444444
天津,ssp370,median,9,73.60385309888889,52.73111111111111,20.87274198777778
天津,ssp370,p10,9,73.60385309888889,31.514444444444443,42.08940865444444
天津,ssp370,p90,9,73.60385309888889,86.17777777777778,-12.57392467888889
天津,ssp585,median,9,73.60385309888889,56.08777777777778,17.51607532111111
天津,ssp585,p10,9,73.60385309888889,34.90111111111111,38.70274198777778
天津,ssp585,p90,9,73.60385309888889,86.29,-12.686146901111114
宁夏,ssp119,median,9,23.866198525555557,28.66,-4.793801474444445
宁夏,ssp119,p10,9,23.866198525555557,17.975555555555555,5.890642969999999
宁夏,ssp119,p90,9,23.866198525555557,45.01555555555555,-21.14935703
宁夏,ssp126,median,9,23.866198525555557,28.776666666666667,-4.910468141111112
宁夏,ssp126,p10,9,23.866198525555557,18.49,5.376198525555555
宁夏,ssp126,p90,9,23.866198525555557,44.50222222222222,-20.63602369666667
宁夏,ssp245,median,9,23.866198525555557,28.96888888888889,-5.102690363333334
宁夏,ssp245,p10,9,23.866198525555557,18.325555555555557,5.5406429699999995
宁夏,ssp245,p90,9,23.866198525555557,44.76444444444444,-20.89824591888889
宁夏,ssp370,median,9,23.866198525555557,28.776666666666667,-4.910468141111112
宁夏,ssp370,p10,9,23.866198525555557,17.083333333333332,6.782865192222222
宁夏,ssp370,p90,9,23.866198525555557,46.621111111111105,-22.754912585555555
宁夏,ssp585,median,9,23.866198525555557,29.66222222222222,-5.7960236966666665
宁夏,ssp585,p10,9,23.866198525555557,18.61888888888889,5.2473096366666665
宁夏,ssp585,p90,9,23.866198525555557,47.56666666666667,-23.70046814111111
安徽,ssp119,median,9,51.678974886666666,61.32777777777778,-9.64880289111111
安徽,ssp119,p10,9,51.678974886666666,41.05,10.628974886666668
安徽,ssp119,p90,9,51.678974886666666,90.77111111111111,-39.092136224444445
安徽,ssp126,median,9,51.678974886666666,62.162222222222226,-10.483247335555554
安徽,ssp126,p10,9,51.678974886666666,42.69888888888889,8.98008599777778
安徽,ssp126,p90,9,51.678974886666666,91.45666666666666,-39.77769178
安徽,ssp245,median,9,51.678974886666666,61.86333333333333,-10.184358446666664
安徽,ssp245,p10,9,51.678974886666666,41.22555555555555,10.453419331111114
安徽,ssp245,p90,9,51.678974886666666,90.02222222222223,-38.34324733555555
安徽,ssp370,median,9,51.678974886666666,61.35666666666667,-9.677691779999998
安徽,ssp370,p10,9,51.678974886666666,39.525555555555556,12.153419331111113
安徽,ssp370,p90,9,51.678974886666666,94.96333333333332,-43.284358446666666
安徽,ssp585,median,9,51.678974886666666,62.471111111111114,-10.792136224444443
安徽,ssp585,p10,9,51.678974886666666,41.471111111111114,10.207863775555557
安徽,ssp585,p90,9,51.678974886666666,92.0411111111111,-40.36213622444444
山东,ssp119,median,9,55.94470079222222,53.31444444444444,2.6302563477777774
山东,ssp119,p10,9,55.94470079222222,34.43666666666667,21.508034125555554
山东,ssp119,p90,9,55.94470079222222,81.55111111111111,-25.60641031888889
山东,ssp126,median,9,55.94470079222222,53.77111111111111,2.1735896811111086
山东,ssp126,p10,9,55.94470079222222,34.84,21.104700792222218
山东,ssp126,p90,9,55.94470079222222,80.75777777777778,-24.813076985555554
山东,ssp245,median,9,55.94470079222222,53.642222222222216,2.3024785699999986
山东,ssp245,p10,9,55.94470079222222,34.66888888888889,21.275811903333334
山东,ssp245,p90,9,55.94470079222222,82.35888888888888,-26.414188096666667
山东,ssp370,median,9,55.94470079222222,53.08111111111111,2.8635896811111095
山东,ssp370,p10,9,55.94470079222222,33.32111111111111,22.62358968111111
山东,ssp370,p90,9,55.94470079222222,84.04222222222222,-28.097521430000004
山东,ssp585,median,9,55.94470079222222,55.2,0.7447007922222212
山东,ssp585,p10,9,55.94470079222222,35.84777777777778,20.096923014444442
山东,ssp585,p90,9,55.94470079222222,84.03333333333333,-28.088632541111114
山西,ssp119,median,9,31.315724182222223,38.556666666666665,-7.240942484444442
山西,ssp119,p10,9,31.315724182222223,25.544444444444444,5.771279737777778
山西,ssp119,p90,9,31.315724182222223,58.5488888888889,-27.233164706666667
山西,ssp126,median,9,31.315724182222223,39.07333333333334,-7.757609151111112
山西,ssp126,p10,9,31.315724182222223,25.781111111111112,5.534613071111112
山西,ssp126,p90,9,31.315724182222223,58.61555555555555,-27.299831373333333
山西,ssp245,median,9,31.315724182222223,39.01222222222222,-7.696498039999999
山西,ssp245,p10,9,31.315724182222223,26.465555555555554,4.850168626666668
山西,ssp245,p90,9,31.315724182222223,58.49666666666667,-27.180942484444444
山西,ssp370,median,9,31.315724182222223,38.06,-6.744275817777778
山西,ssp370,p10,9,31.315724182222223,24.304444444444446,7.011279737777778
山西,ssp370,p90,9,31.315724182222223,61.49777777777778,-30.18205359555556
山西,ssp585,median,9,31.315724182222223,39.76555555555555,-8.449831373333334
山西,ssp585,p10,9,31.315724182222223,26.200000000000003,5.115724182222222
山西,ssp585,p90,9,31.315724182222223,59.24111111111111,-27.925386928888887
广东,ssp119,median,9,58.600875263333336,64.99777777777778,-6.396902514444445
广东,ssp119,p10,9,58.600875263333336,43.59,15.010875263333332
广东,ssp119,p90,9,58.600875263333336,99.98444444444445,-41.38356918111111
广东,ssp126,median,9,58.600875263333336,65.80000000000001,-7.1991247366666675
广东,ssp126,p10,9,58.600875263333336,44.68111111111111,13.919764152222221
广东,ssp126,p90,9,58.600875263333336,99.18666666666667,-40.58579140333333
广东,ssp245,median,9,58.600875263333336,64.87,-6.269124736666667
广东,ssp245,p10,9,58.600875263333336,43.52333333333334,15.077541929999999
广东,ssp245,p90,9,58.600875263333336,98.82444444444445,-40.22356918111112
广东,ssp370,median,9,58.600875263333336,63.013333333333335,-4.412458069999999
广东,ssp370,p10,9,58.600875263333336,40.91888888888889,17.681986374444445
广东,ssp370,p90,9,58.600875263333336,103.01,-44.40912473666666
广东,ssp585,median,9,58.600875263333336,66.73444444444445,-8.133569181111111
广东,ssp585,p10,9,58.600875263333336,44.96333333333334,13.637541930000001
广东,ssp585,p90,9,58.600875263333336,101.33888888888889,-42.73801362555556
广西,ssp119,median,9,45.95956148222222,58.67777777777778,-12.718216295555557
广西,ssp119,p10,9,45.95956148222222,40.60888888888889,5.350672593333334
广西,ssp119,p90,9,45.95956148222222,87.22999999999999,-41.27043851777778
广西,ssp126,median,9,45.95956148222222,59.08888888888888,-13.129327406666667
广西,ssp126,p10,9,45.95956148222222,41.81888888888889,4.140672593333334
广西,ssp126,p90,9,45.95956148222222,87.16000000000001,-41.200438517777776
广西,ssp245,median,9,45.95956148222222,58.42222222222222,-12.462660739999999
广西,ssp245,p10,9,45.95956148222222,40.87777777777777,5.081783704444444
广西,ssp245,p90,9,45.95956148222222,86.48888888888888,-40.52932740666667
广西,ssp370,median,9,45.95956148222222,57.82888888888889,-11.869327406666667
广西,ssp370,p10,9,45.95956148222222,38.34222222222222,7.6173392600000005
广西,ssp370,p90,9,45.95956148222222,88.58,-42.620438517777785
广西,ssp585,median,9,45.95956148222222,60.09444444444445,-14.134882962222223
广西,ssp585,p10,9,45.95956148222222,41.64,4.3195614822222215
广西,ssp585,p90,9,45.95956148222222,88.93333333333334,-42.97377185111111
新疆,ssp119,median,9,3.711665981555556,9.922222222222222,-6.210556240666667
新疆,ssp119,p10,9,3.711665981555556,6.198888888888889,-2.487222907333334
新疆,ssp119,p90,9,3.711665981555556,16.214444444444446,-12.50277846288889
新疆,ssp126,median,9,3.711665981555556,9.952222222222222,-6.240556240666667
新疆,ssp126,p10,9,3.711665981555556,6.276666666666667,-2.565000685111111
新疆,ssp126,p90,9,3.711665981555556,16.31222222222222,-12.600556240666668
新疆,ssp245,median,9,3.711665981555556,9.854444444444445,-6.142778462888889
新疆,ssp245,p10,9,3.711665981555556,6.251111111111111,-2.5394451295555553
新疆,ssp245,p90,9,3.711665981555556,16.051111111111112,-12.339445129555555
新疆,ssp370,median,9,3.711665981555556,9.95,-6.238334018444444
新疆,ssp370,p10,9,3.711665981555556,6.007777777777778,-2.296111796222222
新疆,ssp370,p90,9,3.711665981555556,16.864444444444445,-13.152778462888888
新疆,ssp585,median,9,3.711665981555556,10.11111111111111,-6.399445129555556
新疆,ssp585,p10,9,3.711665981555556,6.273333333333333,-2.5616673517777775
新疆,ssp585,p90,9,3.711665981555556,16.23777777777778,-12.526111796222223
江苏,ssp119,median,9,64.6590910988889,58.84111111111112,5.817979987777779
江苏,ssp119,p10,9,64.6590910988889,39.31,25.34909109888889
江苏,ssp119,p90,9,64.6590910988889,87.12111111111112,-22.462020012222222
江苏,ssp126,median,9,64.6590910988889,58.78444444444444,5.874646654444446
江苏,ssp126,p10,9,64.6590910988889,41.132222222222225,23.52686887666667
江苏,ssp126,p90,9,64.6590910988889,86.59222222222222,-21.93313112333333
江苏,ssp245,median,9,64.6590910988889,59.23444444444445,5.424646654444445
江苏,ssp245,p10,9,64.6590910988889,39.19777777777777,25.461313321111113
江苏,ssp245,p90,9,64.6590910988889,86.88444444444445,-22.225353345555554
江苏,ssp370,median,9,64.6590910988889,59.81777777777778,4.841313321111112
江苏,ssp370,p10,9,64.6590910988889,38.29555555555556,26.363535543333334
江苏,ssp370,p90,9,64.6590910988889,91.65222222222222,-26.993131123333328
江苏,ssp585,median,9,64.6590910988889,59.587777777777774,5.071313321111111
江苏,ssp585,p10,9,64.6590910988889,39.16,25.49909109888889
江苏,ssp585,p90,9,64.6590910988889,88.03888888888889,-23.379797789999998
江西,ssp119,median,9,49.587617512222224,62.69555555555556,-13.107938043333334
江西,ssp119,p10,9,49.587617512222224,45.17333333333333,4.414284178888888
江西,ssp119,p90,9,49.587617512222224,89.66111111111111,-40.07349359888889
江西,ssp126,median,9,49.587617512222224,63.37888888888889,-13.791271376666668
江西,ssp126,p10,9,49.587617512222224,46.20222222222222,3.385395289999999
江西,ssp126,p90,9,49.587617512222224,91.55777777777777,-41.97016026555556
江西,ssp245,median,9,49.587617512222224,62.82555555555556,-13.237938043333335
江西,ssp245,p10,9,49.587617512222224,45.13333333333333,4.454284178888888
江西,ssp245,p90,9,49.587617512222224,88.05666666666667,-38.46904915444444
江西,ssp370,median,9,49.587617512222224,62.76888888888888,-13.181271376666668
江西,ssp370,p10,9,49.587617512222224,44.54666666666667,5.040950845555555
江西,ssp370,p90,9,49.587617512222224,92.57666666666667,-42.989049154444444
江西,ssp585,median,9,49.587617512222224,63.553333333333335,-13.965715821111111
江西,ssp585,p10,9,49.587617512222224,45.50111111111111,4.0865064011111105
江西,ssp585,p90,9,49.587617512222224,90.21,-40.622382487777784
河北,ssp119,median,9,41.05064488888889,44.48555555555556,-3.434910666666668
河北,ssp119,p10,9,41.05064488888889,28.450000000000003,12.600644888888889
河北,ssp119,p90,9,41.05064488888889,70.47555555555556,-29.42491066666667
河北,ssp126,median,9,41.05064488888889,45.053333333333335,-4.002688444444447
河北,ssp126,p10,9,41.05064488888889,29.215555555555554,11.835089333333334
河北,ssp126,p90,9,41.05064488888889,72.5988888888889,-31.548244000000004
河北,ssp245,median,9,41.05064488888889,43.91,-2.8593551111111117
河北,ssp245,p10,9,41.05064488888889,28.87888888888889,12.171756
河北,ssp245,p90,9,41.05064488888889,68.97111111111111,-27.920466222222224
河北,ssp370,median,9,41.05064488888889,44.87444444444444,-3.823799555555556
河北,ssp370,p10,9,41.05064488888889,27.12666666666667,13.923978222222221
河北,ssp370,p90,9,41.05064488888889,74.77222222222223,-33.72157733333333
河北,ssp585,median,9,41.05064488888889,46.63666666666667,-5.586021777777778
河北,ssp585,p10,9,41.05064488888889,29.775555555555556,11.275089333333334
河北,ssp585,p90,9,41.05064488888889,70.68,-29.62935511111111
河南,ssp119,median,9,47.325120139999996,52.07222222222222,-4.747102082222223
河南,ssp119,p10,9,47.325120139999996,33.50333333333334,13.821786806666665
河南,ssp119,p90,9,47.325120139999996,82.65333333333334,-35.32821319333333
河南,ssp126,median,9,47.325120139999996,52.29222222222222,-4.9671020822222225
河南,ssp126,p10,9,47.325120139999996,33.49333333333333,13.831786806666667
河南,ssp126,p90,9,47.325120139999996,83.80333333333334,-36.47821319333333
河南,ssp245,median,9,47.325120139999996,52.215555555555554,-4.890435415555556
河南,ssp245,p10,9,47.325120139999996,34.30222222222222,13.022897917777778
河南,ssp245,p90,9,47.325120139999996,82.3111111111111,-34.985990971111114
河南,ssp370,median,9,47.325120139999996,51.62,-4.294879859999999
河南,ssp370,p10,9,47.325120139999996,32.36888888888889,14.956231251111111
河南,ssp370,p90,9,47.325120139999996,86.77777777777777,-39.452657637777776
河南,ssp585,median,9,47.325120139999996,54.33111111111111,-7.005990971111111
河南,ssp585,p10,9,47.325120139999996,34.29,13.035120139999998
河南,ssp585,p90,9,47.325120139999996,82.87222222222222,-35.547102082222224
浙江,ssp119,median,9,57.532580375555554,65.68666666666667,-8.154086291111108
浙江,ssp119,p10,9,57.532580375555554,44.541111111111114,12.991469264444444
浙江,ssp119,p90,9,57.532580375555554,99.14111111111112,-41.608530735555554
浙江,ssp126,median,9,57.532580375555554,65.95222222222223,-8.419641846666666
浙江,ssp126,p10,9,57.532580375555554,44.99888888888889,12.533691486666665
浙江,ssp126,p90,9,57.532580375555554,98.82111111111111,-41.288530735555554
浙江,ssp245,median,9,57.532580375555554,65.45555555555556,-7.922975179999999
浙江,ssp245,p10,9,57.532580375555554,45.28888888888889,12.243691486666668
浙江,ssp245,p90,9,57.532580375555554,100.46444444444444,-42.931864068888885
浙江,ssp370,median,9,57.532580375555554,66.33,-8.797419624444448
浙江,ssp370,p10,9,57.532580375555554,43.857777777777784,13.674802597777777
浙江,ssp370,p90,9,57.532580375555554,104.04444444444444,-46.51186406888889
浙江,ssp585,median,9,57.532580375555554,66.66333333333334,-9.130752957777778
浙江,ssp585,p10,9,57.532580375555554,44.2,13.332580375555555
浙江,ssp585,p90,9,57.532580375555554,98.05555555555556,-40.52297518
海南,ssp119,median,9,93.58141545000001,78.50333333333333,15.07808211666667
海南,ssp119,p10,9,93.58141545000001,43.282222222222224,50.29919322777778
海南,ssp119,p90,9,93.58141545000001,132.33666666666667,-38.755251216666665
海南,ssp126,median,9,93.58141545000001,79.38333333333334,14.19808211666667
海南,ssp126,p10,9,93.58141545000001,45.919999999999995,47.66141545
海南,ssp126,p90,9,93.58141545000001,135.72444444444443,-42.14302899444444
海南,ssp245,median,9,93.58141545000001,75.81777777777778,17.763637672222224
海南,ssp245,p10,9,93.58141545000001,42.27333333333333,51.30808211666667
海南,ssp245,p90,9,93.58141545000001,131.64888888888888,-38.06747343888888
海南,ssp370,median,9,93.58141545000001,79.75888888888888,13.822526561111115
海南,ssp370,p10,9,93.58141545000001,40.352222222222224,53.22919322777778
海南,ssp370,p90,9,93.58141545000001,137.9888888888889,-44.407473438888886
海南,ssp585,median,9,93.58141545000001,80.25777777777779,13.323637672222224
海南,ssp585,p10,9,93.58141545000001,43.849999999999994,49.73141545
海南,ssp585,p90,9,93.58141545000001,129.6211111111111,-36.039695661111104
湖北,ssp119,median,9,44.85574522333334,57.28,-12.424254776666665
湖北,ssp119,p10,9,44.85574522333334,39.27111111111111,5.584634112222224
湖北,ssp119,p90,9,44.85574522333334,85.19444444444444,-40.338699221111106
湖北,ssp126,median,9,44.85574522333334,58.21777777777778,-13.362032554444442
湖北,ssp126,p10,9,44.85574522333334,40.72777777777778,4.127967445555557
湖北,ssp126,p90,9,44.85574522333334,86.6711111111111,-41.81536588777778
湖北,ssp245,median,9,44.85574522333334,57.05222222222223,-12.196476998888887
湖北,ssp245,p10,9,44.85574522333334,39.76888888888889,5.0868563344444455
湖北,ssp245,p90,9,44.85574522333334,83.57444444444444,-38.71869922111111
湖北,ssp370,median,9,44.85574522333334,57.77111111111112,-12.915365887777776
湖北,ssp370,p10,9,44.85574522333334,38.09111111111111,6.7646341122222235
湖北,ssp370,p90,9,44.85574522333334,88.74888888888889,-43.893143665555556
湖北,ssp585,median,9,44.85574522333334,58.212222222222216,-13.356476998888887
湖北,ssp585,p10,9,44.85574522333334,39.32555555555555,5.5301896677777815
湖北,ssp585,p90,9,44.85574522333334,86.71444444444444,-41.85869922111111
湖南,ssp119,median,9,38.078414684444446,56.18444444444444,-18.10602976
湖南,ssp119,p10,9,38.078414684444446,40.85666666666666,-2.778251982222223
湖南,ssp119,p90,9,38.078414684444446,79.78,-41.701585315555555
湖南,ssp126,median,9,38.078414684444446,57.77444444444445,-19.696029760000002
湖南,ssp126,p10,9,38.078414684444446,41.8,-3.721585315555556
湖南,ssp126,p90,9,38.078414684444446,81.72999999999999,-43.65158531555556
湖南,ssp245,median,9,38.078414684444446,55.88,-17.801585315555556
湖南,ssp245,p10,9,38.078414684444446,41.132222222222225,-3.0538075377777774
湖南,ssp245,p90,9,38.078414684444446,79.64666666666666,-41.56825198222222
湖南,ssp370,median,9,38.078414684444446,56.23111111111111,-18.15269642666667
湖南,ssp370,p10,9,38.078414684444446,39.83777777777778,-1.7593630933333348
湖南,ssp370,p90,9,38.078414684444446,82.30777777777777,-44.22936309333333
湖南,ssp585,median,9,38.078414684444446,56.261111111111106,-18.182696426666666
湖南,ssp585,p10,9,38.078414684444446,41.193333333333335,-3.11491864888889
湖南,ssp585,p90,9,38.078414684444446,78.55777777777777,-40.47936309333333
甘肃,ssp119,median,9,10.272930622555556,19.98,-9.707069377444446
甘肃,ssp119,p10,9,10.272930622555556,13.204444444444444,-2.931513821888889
甘肃,ssp119,p90,9,10.272930622555556,30.668888888888887,-20.395958266333334
甘肃,ssp126,median,9,10.272930622555556,20.076666666666668,-9.803736044111112
甘肃,ssp126,p10,9,10.272930622555556,13.405555555555557,-3.1326249330000007
甘肃,ssp126,p90,9,10.272930622555556,30.843333333333337,-20.570402710777778
甘肃,ssp245,median,9,10.272930622555556,20.061111111111114,-9.788180488555556
甘肃,ssp245,p10,9,10.272930622555556,13.51,-3.237069377444445
甘肃,ssp245,p90,9,10.272930622555556,30.395555555555557,-20.122624933
甘肃,ssp370,median,9,10.272930622555556,20.11111111111111,-9.838180488555556
甘肃,ssp370,p10,9,10.272930622555556,12.761111111111111,-2.488180488555556
甘肃,ssp370,p90,9,10.272930622555556,32.373333333333335,-22.100402710777775
甘肃,ssp585,median,9,10.272930622555556,20.68,-10.407069377444445
甘肃,ssp585,p10,9,10.272930622555556,13.581111111111111,-3.3081804885555557
甘肃,ssp585,p90,9,10.272930622555556,31.077777777777776,-20.804847155222223
福建,ssp119,median,9,54.73829961333334,64.49,-9.75170038666667
福建,ssp119,p10,9,54.73829961333334,43.54333333333333,11.19496628
福建,ssp119,p90,9,54.73829961333334,97.57555555555555,-42.83725594222222
福建,ssp126,median,9,54.73829961333334,64.44444444444444,-9.70614483111111
福建,ssp126,p10,9,54.73829961333334,44.36,10.378299613333333
福建,ssp126,p90,9,54.73829961333334,96.63555555555556,-41.89725594222222
福建,ssp245,median,9,54.73829961333334,64.89777777777778,-10.159478164444444
福建,ssp245,p10,9,54.73829961333334,44.00555555555556,10.732744057777776
福建,ssp245,p90,9,54.73829961333334,96.94555555555556,-42.207255942222226
福建,ssp370,median,9,54.73829961333334,63.68111111111111,-8.942811497777777
福建,ssp370,p10,9,54.73829961333334,41.878888888888895,12.85941072444444
福建,ssp370,p90,9,54.73829961333334,102.18666666666667,-47.448367053333335
福建,ssp585,median,9,54.73829961333334,66.08777777777777,-11.349478164444447
福建,ssp585,p10,9,54.73829961333334,43.84444444444445,10.893855168888889
福建,ssp585,p90,9,54.73829961333334,98.0788888888889,-43.34058927555556
西藏,ssp119,median,9,8.720869338444444,15.146666666666667,-6.425797328222221
西藏,ssp119,p10,9,8.720869338444444,11.372222222222222,-2.6513528837777773
西藏,ssp119,p90,9,8.720869338444444,24.334444444444447,-15.613575106
西藏,ssp126,median,9,8.720869338444444,15.39777777777778,-6.676908439333333
西藏,ssp126,p10,9,8.720869338444444,11.71,-2.989130661555555
西藏,ssp126,p90,9,8.720869338444444,23.09,-14.369130661555554
西藏,ssp245,median,9,8.720869338444444,15.256666666666668,-6.535797328222222
西藏,ssp245,p10,9,8.720869338444444,11.727777777777778,-3.006908439333333
西藏,ssp245,p90,9,8.720869338444444,22.15777777777778,-13.436908439333333
西藏,ssp370,median,9,8.720869338444444,15.200000000000001,-6.479130661555555
西藏,ssp370,p10,9,8.720869338444444,11.084444444444445,-2.363575106
西藏,ssp370,p90,9,8.720869338444444,25.082222222222224,-16.361352883777776
西藏,ssp585,median,9,8.720869338444444,15.512222222222224,-6.791352883777778
西藏,ssp585,p10,9,8.720869338444444,11.655555555555557,-2.934686217111111
西藏,ssp585,p90,9,8.720869338444444,23.233333333333334,-14.51246399488889
贵州,ssp119,median,9,36.900845375555555,42.01111111111111,-5.110265735555555
贵州,ssp119,p10,9,36.900845375555555,31.27111111111111,5.629734264444445
贵州,ssp119,p90,9,36.900845375555555,59.37222222222223,-22.47137684666667
贵州,ssp126,median,9,36.900845375555555,42.77222222222222,-5.871376846666665
贵州,ssp126,p10,9,36.900845375555555,31.965555555555554,4.93528982
贵州,ssp126,p90,9,36.900845375555555,59.82333333333333,-22.922487957777776
贵州,ssp245,median,9,36.900845375555555,41.29555555555556,-4.394710180000001
贵州,ssp245,p10,9,36.900845375555555,31.452222222222222,5.448623153333333
贵州,ssp245,p90,9,36.900845375555555,58.74444444444445,-21.84359906888889
贵州,ssp370,median,9,36.900845375555555,42.284444444444446,-5.3835990688888895
贵州,ssp370,p10,9,36.900845375555555,30.50111111111111,6.399734264444445
贵州,ssp370,p90,9,36.900845375555555,61.41555555555556,-24.514710179999998
贵州,ssp585,median,9,36.900845375555555,42.81444444444444,-5.913599068888889
贵州,ssp585,p10,9,36.900845375555555,31.88555555555556,5.0152898200000005
贵州,ssp585,p90,9,36.900845375555555,59.67444444444445,-22.77359906888889
辽宁,ssp119,median,9,51.473965533333335,51.77333333333334,-0.2993678000000016
辽宁,ssp119,p10,9,51.473965533333335,33.852222222222224,17.62174331111111
辽宁,ssp119,p90,9,51.473965533333335,78.85333333333334,-27.3793678
辽宁,ssp126,median,9,51.473965533333335,53.48111111111111,-2.007145577777779
辽宁,ssp126,p10,9,51.473965533333335,34.63111111111111,16.84285442222222
辽宁,ssp126,p90,9,51.473965533333335,80.76,-29.286034466666667
辽宁,ssp245,median,9,51.473965533333335,51.86,-0.38603446666666685
辽宁,ssp245,p10,9,51.473965533333335,34.30222222222223,17.17174331111111
辽宁,ssp245,p90,9,51.473965533333335,76.93444444444444,-25.46047891111111
辽宁,ssp370,median,9,51.473965533333335,51.16111111111111,0.312854422222222
辽宁,ssp370,p10,9,51.473965533333335,32.815555555555555,18.658409977777776
辽宁,ssp370,p90,9,51.473965533333335,82.13777777777779,-30.663812244444443
辽宁,ssp585,median,9,51.473965533333335,53.41222222222222,-1.938256688888889
辽宁,ssp585,p10,9,51.473965533333335,34.87777777777777,16.596187755555555
辽宁,ssp585,p90,9,51.473965533333335,80.82333333333332,-29.3493678
重庆,ssp119,median,9,47.28542058,48.013333333333335,-0.7279127533333336
重庆,ssp119,p10,9,47.28542058,34.33555555555555,12.949865024444442
重庆,ssp119,p90,9,47.28542058,70.19333333333333,-22.907912753333335
重庆,ssp126,median,9,47.28542058,49.00888888888889,-1.7234683088888885
重庆,ssp126,p10,9,47.28542058,35.55555555555556,11.729865024444443
重庆,ssp126,p90,9,47.28542058,70.78666666666666,-23.501246086666665
重庆,ssp245,median,9,47.28542058,48.035555555555554,-0.7501349755555561
重庆,ssp245,p10,9,47.28542058,35.02,12.265420579999999
重庆,ssp245,p90,9,47.28542058,70.91777777777777,-23.63235719777778
重庆,ssp370,median,9,47.28542058,48.70333333333333,-1.4179127533333344
重庆,ssp370,p10,9,47.28542058,33.175555555555555,14.109865024444444
重庆,ssp370,p90,9,47.28542058,73.88333333333334,-26.597912753333333
重庆,ssp585,median,9,47.28542058,47.97222222222222,-0.6868016422222235
重庆,ssp585,p10,9,47.28542058,34.394444444444446,12.890976135555555
重庆,ssp585,p90,9,47.28542058,68.58,-21.29457942
陕西,ssp119,median,9,28.673115888888887,42.809999999999995,-14.13688411111111
陕西,ssp119,p10,9,28.673115888888887,29.047777777777778,-0.3746618888888875
陕西,ssp119,p90,9,28.673115888888887,62.89111111111111,-34.21799522222222
陕西,ssp126,median,9,28.673115888888887,43.32333333333333,-14.650217444444444
陕西,ssp126,p10,9,28.673115888888887,29.536666666666665,-0.8635507777777774
陕西,ssp126,p90,9,28.673115888888887,63.64888888888889,-34.975773
陕西,ssp245,median,9,28.673115888888887,42.98,-14.30688411111111
陕西,ssp245,p10,9,28.673115888888887,29.71111111111111,-1.037995222222222
陕西,ssp245,p90,9,28.673115888888887,63.208888888888886,-34.535773
陕西,ssp370,median,9,28.673115888888887,43.10777777777778,-14.434661888888886
陕西,ssp370,p10,9,28.673115888888887,28.016666666666666,0.6564492222222229
陕西,ssp370,p90,9,28.673115888888887,65.76222222222222,-37.08910633333333
陕西,ssp585,median,9,28.673115888888887,43.97222222222222,-15.299106333333334
陕西,ssp585,p10,9,28.673115888888887,29.846666666666668,-1.1735507777777774
陕西,ssp585,p90,9,28.673115888888887,63.169999999999995,-34.49688411111111
青海,ssp119,median,9,8.099970200333335,13.424444444444443,-5.324474244111111
青海,ssp119,p10,9,8.099970200333335,10.083333333333334,-1.9833631329999994
青海,ssp119,p90,9,8.099970200333335,18.483333333333334,-10.383363133
青海,ssp126,median,9,8.099970200333335,13.692222222222222,-5.592252021888888
青海,ssp126,p10,9,8.099970200333335,10.48,-2.3800297996666666
青海,ssp126,p90,9,8.099970200333335,18.608888888888888,-10.508918688555555
青海,ssp245,median,9,8.099970200333335,13.43,-5.330029799666666
青海,ssp245,p10,9,8.099970200333335,10.21888888888889,-2.118918688555555
青海,ssp245,p90,9,8.099970200333335,18.462222222222223,-10.362252021888889
青海,ssp370,median,9,8.099970200333335,13.621111111111112,-5.521140910777778
青海,ssp370,p10,9,8.099970200333335,9.936666666666667,-1.8366964663333332
青海,ssp370,p90,9,8.099970200333335,19.29111111111111,-11.19114091077778
青海,ssp585,median,9,8.099970200333335,13.855555555555556,-5.755585355222221
青海,ssp585,p10,9,8.099970200333335,10.350000000000001,-2.2500297996666663
青海,ssp585,p90,9,8.099970200333335,18.91111111111111,-10.811140910777777
黑龙江,ssp119,median,9,23.13045359777778,33.647777777777776,-10.51732418
黑龙江,ssp119,p10,9,23.13045359777778,22.721111111111114,0.4093424866666666
黑龙江,ssp119,p90,9,23.13045359777778,50.60333333333333,-27.472879735555555
黑龙江,ssp126,median,9,23.13045359777778,34.42444444444445,-11.293990846666667
黑龙江,ssp126,p10,9,23.13045359777778,23.385555555555555,-0.2551019577777775
黑龙江,ssp126,p90,9,23.13045359777778,51.705555555555556,-28.57510195777778
黑龙江,ssp245,median,9,23.13045359777778,33.71666666666667,-10.586213068888888
黑龙江,ssp245,p10,9,23.13045359777778,23.114444444444445,0.016009153333333772
黑龙江,ssp245,p90,9,23.13045359777778,50.77444444444445,-27.643990846666668
黑龙江,ssp370,median,9,23.13045359777778,33.864444444444445,-10.733990846666666
黑龙江,ssp370,p10,9,23.13045359777778,22.015555555555554,1.1148980422222228
黑龙江,ssp370,p90,9,23.13045359777778,52.77111111111111,-29.64065751333333
黑龙江,ssp585,median,9,23.13045359777778,34.32,-11.189546402222224
黑龙江,ssp585,p10,9,23.13045359777778,23.175555555555558,-0.04510195777777781
黑龙江,ssp585,p90,9,23.13045359777778,50.647777777777776,-27.51732418
